,GOTU,kingdom,phylum,class,order,family,genus,species,mean,std,5%,50%,95%,effect_size,effect_std,tstat,pvalue
1006000,G000735365,Bacteria,Proteobacteria,Gammaproteobacteria,Enterobacterales,Enterobacteriaceae,Kluyvera,Kluyvera ascorbata,0.8731294898539338,0.22386886453821905,0.48252022740638906,0.8738512215056686,1.2346069103010648,17.421729392258023,19.95320235395154,13.923701314962676,3.39204574082519e-36
1028307,G000215745,Bacteria,Proteobacteria,Gammaproteobacteria,Enterobacterales,Enterobacteriaceae,Klebsiella,[Enterobacter] aerogenes,1.0368838916039338,0.27756687579382605,0.5883964974205692,1.0313567021533563,1.5161697793295348,13.458444047346678,12.979702121254961,23.02930139004786,2.9148743423088985e-75
1032069,G001190755,Bacteria,Proteobacteria,Epsilonproteobacteria,Campylobacterales,Campylobacteraceae,Campylobacter,Campylobacter ureolyticus,0.8555256761789337,0.3460631184785578,0.2954185605238775,0.8268861759900794,1.4288005662086913,7.1436869411974175,8.350055574139555,7.98989196596898,1.4647582343896212e-14
1032488,G000226875,Bacteria,Proteobacteria,Betaproteobacteria,Neisseriales,Neisseriaceae,Neisseria,Neisseria shayeganii,1.078671845853934,0.3643222324181983,0.4969081580289435,1.0900868784835371,1.7085391598454023,8.126770483171102,7.534052654111425,19.839388542319874,1.9264131724213632e-61
1045004,G000241055,Bacteria,Firmicutes,Bacilli,Lactobacillales,Leuconostocaceae,Oenococcus,Oenococcus kitaharae,0.9353464607864339,0.6500112187147823,-0.04441810207487521,0.9209434826005441,2.01094986287585,2.2137613592505083,2.3667822053757392,6.7097651496285104,6.701278540266622e-11
1046599,G000260635,Bacteria,Firmicutes,Bacilli,Lactobacillales,Lactobacillaceae,Lactobacillus,Lactobacillus acidipiscis,0.9407241106039338,0.5596168707003212,-0.013203428273651344,0.9552407310402498,1.7778325707836964,3.0038668475828634,3.193143253928526,7.985777149565543,1.5075056131098488e-14
1049789,G000243715,Bacteria,Spirochaetes,Spirochaetia,,Leptospiraceae,Leptospira,Leptospira broomii,1.1170409961789338,0.4689856454666624,0.31662554665905873,1.1612261588873811,1.8334420692084352,5.078670205867916,4.546538778111584,17.04809818239595,2.3798630518153097e-49
105219,G000953875,Bacteria,Proteobacteria,Betaproteobacteria,Burkholderiales,Burkholderiaceae,Ralstonia,Ralstonia mannitolilytica,0.9794376766039338,0.24482758841956087,0.5887131127092062,0.9939452894269614,1.3586594071600449,16.34015217486942,16.683197476665043,21.416078851230814,2.7229937912862295e-68
105219,G000954135,Bacteria,Proteobacteria,Betaproteobacteria,Burkholderiales,Burkholderiaceae,Ralstonia,Ralstonia mannitolilytica,0.9794376766039338,0.24482758841956087,0.5887131127092062,0.9939452894269614,1.3586594071600449,16.34015217486942,16.683197476665043,21.416078851230814,2.7229937912862295e-68
1055192,G000410635,Bacteria,Proteobacteria,Betaproteobacteria,Burkholderiales,Comamonadaceae,Comamonas,Comamonas sp. B-9,1.277671821603934,0.3168363077729397,0.7513985118545011,1.2597255703456574,1.8047320379615748,12.727685327199984,9.961623252536162,35.374512212098345,4.4492155690428326e-125
1074112,G000230225,Bacteria,Firmicutes,Bacilli,Lactobacillales,Streptococcaceae,Streptococcus,Streptococcus mutans,1.4313562778539337,0.3613002086541175,0.8655035089661106,1.4512162516149998,1.9688851920689117,10.965067825332158,7.660613919109181,39.52839943478191,4.712627040629605e-140
1074115,G000228805,Bacteria,Firmicutes,Bacilli,Lactobacillales,Streptococcaceae,Streptococcus,Streptococcus mutans,1.4865958691039338,0.35415375854263764,0.8889828128437642,1.4825097222495398,2.0874273065433715,11.852479456366746,7.972899496559876,43.44556684041964,2.406451271223277e-153
1074118,G000228845,Bacteria,Firmicutes,Bacilli,Lactobacillales,Streptococcaceae,Streptococcus,Streptococcus mutans,1.4860972991039338,0.35382357859521457,0.89941548132509,1.482428589325,2.068888295880985,11.870628224125959,7.9877866888551265,43.45792739307839,2.191099361767849e-153
1074122,G000228925,Bacteria,Firmicutes,Bacilli,Lactobacillales,Streptococcaceae,Streptococcus,Streptococcus mutans,1.416975745103934,0.3391713489397409,0.8518292323998087,1.4279908046697283,1.9512762514482425,12.317543338616224,8.692839931224611,41.259405761411344,5.044145683777484e-146
1074136,G000229145,Bacteria,Firmicutes,Bacilli,Lactobacillales,Streptococcaceae,Streptococcus,Streptococcus mutans,1.438684264103934,0.3490834015035671,0.8249336513240134,1.4509927346408273,1.9917599666389074,11.806117336661217,8.206190636285653,41.33160908368933,2.8649293001106615e-146
1074143,G000229225,Bacteria,Firmicutes,Bacilli,Lactobacillales,Streptococcaceae,Streptococcus,Streptococcus mutans,1.4472728101039336,0.38096677339623525,0.7922875285684583,1.4251045501657598,2.0495156348738264,9.971860715800435,6.890104371603802,38.32341985731369,8.358269219987622e-136
1074164,G000229545,Bacteria,Firmicutes,Bacilli,Lactobacillales,Streptococcaceae,Streptococcus,Streptococcus mutans,1.4590490441039339,0.3175429147200888,0.9165680134282538,1.4892272685463754,1.9480390322135936,14.469883572378585,9.917338715139062,46.719588442486085,7.172335613477103e-164
1074173,G000229705,Bacteria,Firmicutes,Bacilli,Lactobacillales,Streptococcaceae,Streptococcus,Streptococcus mutans,1.434716811353934,0.3718489335522693,0.7716691743768763,1.45209115102712,2.041742241155945,10.376075104820934,7.23214157853848,38.587792888030556,9.623333701702059e-137
1076550,G000759475,Bacteria,Proteobacteria,Gammaproteobacteria,Enterobacterales,Erwiniaceae,Pantoea,Pantoea rwandensis,0.9255318666039338,0.25532232215821693,0.48861435911746237,0.9294731108653058,1.3603268153554977,14.197563016206681,15.3398964730431,16.313225977824892,3.340793079812174e-46
1078846,G000384075,Bacteria,Proteobacteria,Gammaproteobacteria,Methylococcales,Methylococcaceae,Methylovulum,Methylovulum miyakonense,0.9622691628039338,0.4686817964508016,0.25465797078228997,0.9551101649289114,1.7174139945024367,4.380668568457619,4.552435781785722,10.454591365944692,9.004418746075559e-23
1089453,G000248055,Bacteria,Actinobacteria,Actinobacteria,Corynebacteriales,Gordoniaceae,Gordonia,Gordonia sputi,1.0419372218539338,0.40805357640051326,0.4475845180847956,1.0309075312992966,1.7289932058500004,6.257591024980192,6.005727498482078,15.912709063421486,1.6910854473874086e-44
1090321,G000379505,Bacteria,Firmicutes,Clostridia,Clostridiales,Peptococcaceae,Desulfitobacterium,Desulfitobacterium hafniense,1.0360057640539337,0.6007112800872402,0.15293860989123523,1.033725910287925,1.9929323761733992,2.8709828445953347,2.771203543656996,10.611767913904039,2.43740927846023e-23
1095770,G000312025,Bacteria,Firmicutes,Tissierellia,Tissierellales,Peptoniphilaceae,Peptoniphilus,Peptoniphilus timonensis,1.2663789378539336,0.4702292709594615,0.5348333619475166,1.260578482494274,2.0272666185583126,5.727226506509976,4.522521920820641,23.354718308245772,1.1645237508765382e-76
1111454,G000478965,Bacteria,Firmicutes,Negativicutes,Veillonellales,Veillonellaceae,Megasphaera,Megasphaera sp. BV3C16-1,0.7944088246039337,0.20607414318429781,0.43459384120309924,0.795203303108844,1.1134715911433761,18.706694516985863,23.54794400265179,7.485994480978371,4.589239090328799e-13
1111733,G000427785,Bacteria,Proteobacteria,Betaproteobacteria,Burkholderiales,Oxalobacteraceae,Massilia,Massilia alkalitolerans,0.9999611558789339,0.3500676280006718,0.4462127746796147,0.996371148160363,1.614225475440547,8.159794588930406,8.160111561291806,16.15035516520011,1.6517759741211993e-45
1112212,G000241465,Bacteria,Proteobacteria,Alphaproteobacteria,Sphingomonadales,Sphingomonadaceae,Sphingomonas,Sphingomonas echinoides,2.8013437016039338,0.2774737536163774,2.329195894361939,2.817182547121848,3.278310486795193,36.38501664114924,12.988415745028604,150.21733369483576,0.0
1116369,G000372965,Bacteria,Proteobacteria,Alphaproteobacteria,Rhizobiales,Phyllobacteriaceae,Hoeflea,Hoeflea sp. 108,1.3499697340039338,0.6014003850224986,0.39447983781155305,1.3036974531357481,2.363031075286706,3.7324725996188155,2.764856504262887,21.040704997348172,1.1581858135840207e-66
1118057,G000311825,Bacteria,Firmicutes,Tissierellia,Tissierellales,Peptoniphilaceae,Peptoniphilus,Peptoniphilus grossensis,0.9419755730539338,0.28791263532574213,0.44082859189000173,0.9429384991441042,1.3766604522590749,11.363658962206618,12.06364505330541,15.608918526502036,3.271793714864574e-43
1118059,G000311985,Bacteria,Firmicutes,Tissierellia,,,Kallipyga,Kallipyga massiliensis,1.0908998782789339,0.28476920851406956,0.6510984195373549,1.0798102079092404,1.5653606665279112,13.452371025920074,12.331444245042272,26.240515999049137,6.623882216140156e-89
1120927,G000400735,Bacteria,Proteobacteria,Gammaproteobacteria,Pseudomonadales,Moraxellaceae,Acinetobacter,Acinetobacter tandoii,0.8762232369539339,0.2745248657945909,0.41876487701608767,0.8853951941852615,1.321997683905574,11.626564103022389,13.268952034918058,11.579855020960501,6.231692151329305e-27
1120946,G000429105,Bacteria,Actinobacteria,Actinobacteria,Actinomycetales,Actinomycetaceae,Actinomyces,Actinomyces suimastitidis,0.9366913433539338,0.2589327781010325,0.5138226747965986,0.9344777378951243,1.3254144071352996,13.970837613813847,14.915092055606724,16.94772019878352,6.423959733151133e-49
1120995,G900129925,Bacteria,Firmicutes,Tissierellia,Tissierellales,Peptoniphilaceae,Anaerosphaera,Anaerosphaera aminiphila,0.9805028455789337,0.3917416985106612,0.4088003971374036,0.9606498407733559,1.6863603591924263,6.389240772140521,6.516289882226728,13.438830581643389,3.1745468983890065e-34
1121439,G000422245,Bacteria,Proteobacteria,Deltaproteobacteria,Desulfovibrionales,Desulfovibrionaceae,Desulfovibrio,Desulfovibrio alkalitolerans,1.162326064603934,0.46660088245632436,0.396954464233508,1.1761171667451817,1.9139590744322916,5.338716571854938,4.5931315957146,19.07629203719556,3.999339124455104e-58
1122149,G001436395,Bacteria,Firmicutes,Bacilli,Lactobacillales,Lactobacillaceae,Lactobacillus,Lactobacillus malefermentans,0.9897300746289338,0.5782574648220385,0.05630471582987701,1.0179515445841383,1.8522159255754191,2.9598811405829824,2.990594321075563,9.423302301384012,3.601300003443364e-19
1122172,G000373045,Bacteria,Fusobacteria,Fusobacteriia,Fusobacteriales,Leptotrichiaceae,Leptotrichia,Leptotrichia shahii,0.7917848816039339,0.21092694122073213,0.46306225353769814,0.7804755739693877,1.1193217816496028,17.796848178722442,22.476872938860645,7.064963014803014,7.202602544234776e-12
1122623,G000422885,Bacteria,Proteobacteria,Betaproteobacteria,Burkholderiales,Comamonadaceae,Ottowia,Ottowia thiooxydans,0.8909058451039339,0.24589796117780804,0.4890840096221615,0.8752453219620636,1.2919073315373693,14.73404366397874,16.538272528967248,14.122159825631769,5.20948616065043e-37
1122962,G000425185,Bacteria,Proteobacteria,Alphaproteobacteria,Rhizobiales,Methylocystaceae,Pleomorphomonas,Pleomorphomonas koreensis,1.7515471466039338,0.3960867961493584,1.0690433684300074,1.776633297721236,2.3727344920140787,11.164546877039593,6.374105829058886,52.22450366850864,1.8340506968157718e-180
1122994,G000426605,Bacteria,Actinobacteria,Actinobacteria,Propionibacteriales,Propionibacteriaceae,Propionibacterium,Propionibacterium acidifaciens,1.3920625166039338,0.5705212810202105,0.4674817537198753,1.405110625796712,2.2771221006623295,4.27676160221744,3.0722482296635634,23.655110137901968,5.997321134861152e-78
1123016,G900103375,Bacteria,Proteobacteria,Gammaproteobacteria,Pseudomonadales,Pseudomonadaceae,Pseudomonas,Pseudomonas balearica,1.6910932966039338,0.35057060610811036,1.1319863520454798,1.6848790469103179,2.262518802171598,13.759940914720312,8.136713061516552,55.55616757140159,6.917565873791428e-190
1123053,G000425345,Bacteria,Proteobacteria,Gammaproteobacteria,Chromatiales,Chromatiaceae,Rheinheimera,Rheinheimera baltica,1.1836276880289338,0.9381866000559441,-0.10299564219475045,1.1528935124918933,2.7646055626586596,1.3447348632563167,1.1361130504607162,9.941569370628219,5.937259344098685e-21
1123054,G000382165,Bacteria,Proteobacteria,Gammaproteobacteria,Chromatiales,Chromatiaceae,Rheinheimera,Rheinheimera perlucida,1.5649747749539336,0.8994766817754039,-0.05581099081869366,1.573187062528118,3.0168937625178693,1.934316442842283,1.2360048697265555,18.848725318910887,3.894347507207716e-57
1123399,G000371925,Bacteria,Proteobacteria,Gammaproteobacteria,Thiotrichales,Thiotrichaceae,Thiothrix,Thiothrix disciformis,1.0488388455539337,0.4536069822669522,0.35342649218825883,0.9989466039134922,1.906006104724558,5.09740689386348,4.860047771372669,14.618977610109702,4.613002787309828e-39
1123499,G000382305,Bacteria,Proteobacteria,Betaproteobacteria,Neisseriales,Neisseriaceae,Vitreoscilla,Vitreoscilla stercoraria,0.970199277353934,0.3228083537721469,0.463389631068232,0.9540359505808241,1.5403990235547482,9.310465961780276,9.596447017743724,15.67022319726122,1.8013587759502394e-43
1123504,G000745855,Bacteria,Proteobacteria,Betaproteobacteria,Burkholderiales,Comamonadaceae,Xenophilus,Xenophilus azovorans,0.9235310383539338,0.23433627795439424,0.5339390033530466,0.9318479118008052,1.3258940178923644,16.817926137135327,18.210461195880274,17.603395468937233,9.646710879335856e-52
1124983,G000397205,Bacteria,Proteobacteria,Gammaproteobacteria,Pseudomonadales,Pseudomonadaceae,Pseudomonas,Pseudomonas protegens,2.084496281603934,0.3410962511992814,1.5066165309106463,2.1183103270695005,2.645747708297494,17.91625487575725,8.595004478478335,80.16628427433042,3.9515707273966125e-248
1125630,G000240185,Bacteria,Proteobacteria,Gammaproteobacteria,Enterobacterales,Enterobacteriaceae,Klebsiella,Klebsiella pneumoniae,1.0052359641039337,0.24001456317318332,0.5952435150743651,1.0102224758351017,1.3743374222551525,17.449895486025312,17.35900436230426,23.99526350571662,2.1020148359446287e-79
1125699,G000413055,Bacteria,Spirochaetes,Spirochaetia,Spirochaetales,Spirochaetaceae,Treponema,Treponema maltophilum,1.3202432243539337,0.4357580088870378,0.5942247710735878,1.2937055831094102,2.0544718134320683,6.95285530812975,5.266344246176425,27.674437755832876,7.295987113386069e-95
1125712,G000468755,Bacteria,Actinobacteria,Coriobacteriia,Coriobacteriales,Atopobiaceae,Olsenella,Olsenella profusa,0.9940725817039339,0.3334151832444569,0.47935253753205176,0.9804594905675281,1.538058850492131,8.942261156479296,8.99558173222263,16.603758073282158,1.9161616466826386e-47
1127131,G000239955,Bacteria,Firmicutes,Bacilli,Lactobacillales,Leuconostocaceae,Weissella,Weissella confusa,1.8292914616039337,0.36463472112467243,1.24006858233007,1.8359692754519275,2.4091145129859295,13.758366248412749,7.52114495540767,60.993430822913325,2.3021915733683586e-204
1137284,G001418205,Bacteria,Proteobacteria,Gammaproteobacteria,Oceanospirillales,Oceanospirillaceae,Marinomonas,Marinomonas fungiae,2.9801308253539345,1.2947489781029393,1.0436774908547668,2.9433543283225285,5.188927072843757,1.7777233460006603,0.5965252702587409,34.95435074979594,1.6402496118712498e-123
1150423,G001042595,Bacteria,Actinobacteria,Actinobacteria,Bifidobacteriales,Bifidobacteriaceae,Bifidobacterium,Bifidobacterium dentium,1.1039835298539338,0.2791136399356533,0.6604887906321748,1.0772461067166224,1.5692949527006572,14.170999196148864,12.836241495399669,27.709731438897176,5.2195034103975896e-95
1150621,G000568815,Bacteria,Proteobacteria,Epsilonproteobacteria,Campylobacterales,Campylobacteraceae,Sulfurospirillum,Sulfurospirillum multivorans,1.241389019928934,0.768512447412663,-0.04100930043520439,1.318061262760839,2.408406790657246,2.1018711425545007,1.6931607327047464,13.639692942307548,4.876066979196943e-35
1151116,G000255535,Bacteria,Proteobacteria,Gammaproteobacteria,Enterobacterales,Yersiniaceae,Rahnella,Rahnella aquatilis,0.8449816243539339,0.22141696231767571,0.4792834174391337,0.8468593518664631,1.20215368602508,17.235563547621478,20.397560196412144,11.535366878918225,9.186084974958481e-27
1161902,G000510425,Bacteria,Firmicutes,Clostridia,Clostridiales,Clostridiales Family XIII. Incertae Sedis,,[Eubacterium] nodatum,0.8740246891039338,0.17923507324884413,0.6002596497104518,0.8672947145764174,1.1782572011948176,27.20681510780246,31.12819974879129,17.490924804641814,2.9492190904074596e-51
1165852,G000282995,Bacteria,Proteobacteria,Betaproteobacteria,Burkholderiales,Comamonadaceae,Melaminivora,Melaminivora alkalimesophila,0.8938779346039338,0.2795492806110309,0.4163847341379052,0.90466978697499,1.355359974273729,11.43829936716286,12.796265490355827,12.634810187419339,5.152388480049521e-31
1203076,G000312405,Bacteria,Firmicutes,Bacilli,Lactobacillales,Lactobacillaceae,Lactobacillus,Lactobacillus ingluviei,0.9542579461539339,0.6490141034583915,-0.029821140607176843,0.9165089927330954,2.049928291946465,2.26546583087674,2.374060221355801,7.302849513275427,1.542032710894473e-12
1209989,G000328765,Bacteria,Firmicutes,Clostridia,Thermoanaerobacterales,Thermoanaerobacteraceae,Tepidanaerobacter,Tepidanaerobacter acetatoxydans,1.9035801486039339,0.7578410312732141,0.7321399450436414,1.8614785313042177,3.186541903710697,3.3144764418987416,1.741180398592381,31.307484550801995,1.644215635619426e-109
1217658,G000488195,Bacteria,Proteobacteria,Gammaproteobacteria,Pseudomonadales,Moraxellaceae,Acinetobacter,Acinetobacter gyllenbergii,1.0251594436039337,0.2587848075113741,0.5894012708173414,1.0296551833015308,1.455894644960067,15.307838210580089,14.932153535810581,23.794605014745144,1.5159756820978348e-78
1220583,G000332975,Bacteria,Actinobacteria,Actinobacteria,Corynebacteriales,Gordoniaceae,Gordonia,Gordonia aichiensis,1.551176240103934,0.6818651485266025,0.44905375106830275,1.5538131841893468,2.747114937648661,3.3362927917886123,2.1508147852787314,24.459408498276286,2.202959148111778e-81
1227454,G000337895,Archaea,Euryarchaeota,Halobacteria,Natrialbales,Natrialbaceae,Halobiforma,Halobiforma nitratireducens,3.623133414103934,1.232145679774117,1.891410156131549,3.6627904889827665,5.507678466443173,2.386493242867187,0.658682132315961,47.16744346269536,2.8528976384757015e-165
1227747,G000747645,Bacteria,Firmicutes,Bacilli,Bacillales,Bacillaceae,Bacillus,Bacillus subtilis,1.305995536853934,0.8071547404918799,0.0356593273960879,1.338952143202596,2.575264217087833,2.004601676582512,1.5349223025765302,14.587542577492243,6.230288027663059e-39
1230460,G000337735,Archaea,Euryarchaeota,Halobacteria,Natrialbales,Natrialbaceae,Natronorubrum,Natronorubrum sulfidifaciens,3.900318519103934,1.192364320266432,2.0491547505324825,3.9010806216309755,5.9974265642453135,2.743355762477247,0.7033671093886739,53.39044678418847,8.22448508619813e-184
1234381,G000310185,Bacteria,Proteobacteria,Betaproteobacteria,Rhodocyclales,Rhodocyclaceae,Thauera,Thauera aminoaromatica,1.803135359103934,0.3741986941055448,1.2190681184505254,1.7797676899317567,2.4196431906467706,12.877269794604922,7.141599064977721,58.03654831148222,1.267034359804719e-196
1234595,G000342165,Bacteria,Proteobacteria,Alphaproteobacteria,Sphingomonadales,Sphingomonadaceae,Pacificimonas,Pacificimonas flava,0.952319250603934,0.5675920920289792,0.029879211850733518,0.9600563987256234,1.8523418295784078,2.9560371747653895,3.1040401345355084,8.282142201357509,1.8499049994105543e-15
1238674,G000320345,Bacteria,Firmicutes,Bacilli,Lactobacillales,Leuconostocaceae,Weissella,Weissella ceti,0.9495381543539338,0.3031868503692655,0.4821644298314503,0.9420640452479591,1.4213665531027666,10.329794871543667,10.878757029591997,15.321431282037215,5.33318960130373e-42
1257039,G000347835,Bacteria,Firmicutes,Bacilli,Lactobacillales,Streptococcaceae,Streptococcus,Streptococcus mutans,1.480641804103934,0.35467114451874177,0.9322378518933393,1.484087084633923,2.080766392831855,11.770591675551605,7.949655104243814,43.046438156863445,5.013660788361414e-152
1262687,G000437815,Bacteria,Firmicutes,Negativicutes,Acidaminococcales,Acidaminococcaceae,Acidaminococcus,Acidaminococcus sp. CAG:542,1.1348448840289338,0.7384419946082955,-0.013193720132075466,1.0839842491057348,2.371941008829582,2.0811516647974972,1.8338644285983638,11.309474742806268,6.514973589574279e-26
1262826,G000434835,Bacteria,Firmicutes,Clostridia,Clostridiales,Clostridiaceae,Clostridium,Clostridium sp. CAG:594,2.388996714603934,0.750420082559198,1.1424199763972678,2.396654189390658,3.583834611589677,4.242351571735064,1.775787947217162,44.55428162919997,5.7435160419971225e-157
1262840,G000433915,Bacteria,Firmicutes,Clostridia,Clostridiales,Clostridiaceae,Clostridium,Clostridium sp. CAG:793,1.790412781853934,0.6375152556275507,0.7681113460932539,1.770553123273062,2.933189887857653,4.405264668925337,2.4604743183098705,33.666251676475916,1.195946620670135e-118
1262862,G000436635,Bacteria,Firmicutes,Clostridia,Clostridiales,Lachnospiraceae,Coprococcus,Coprococcus sp. CAG:131,0.8420529241039338,0.25498657713829576,0.39737889342130345,0.8563849739464284,1.2524096015029667,12.951043140355436,15.380319656436345,9.786993168650211,2.0478345083369233e-20
1262869,G000435155,Bacteria,Firmicutes,Negativicutes,Veillonellales,Veillonellaceae,Dialister,Dialister sp. CAG:357,1.4229654316039337,0.35965993611693337,0.8286006110809694,1.4236943242270068,2.0379604312585515,11.000444245372364,7.730647562515214,39.24207458559215,4.741478470415204e-139
1262870,G000434475,Bacteria,Firmicutes,Negativicutes,Veillonellales,Veillonellaceae,Dialister,Dialister sp. CAG:486,1.1987828258539337,0.2739667940494205,0.7688602060522342,1.1948938692499573,1.6865822816330305,15.971461435154042,13.323064937785565,35.15079247820387,3.0286884209010015e-124
1262871,G000438335,Bacteria,Firmicutes,Negativicutes,Veillonellales,Veillonellaceae,Dialister,Dialister sp. CAG:588,1.4454543471039338,0.4232100063032162,0.7556964791032655,1.451906285131973,2.148402530464444,8.07035287322471,5.583263760210906,34.41218338801675,1.7810108778853649e-121
1262872,G000433215,Bacteria,Firmicutes,Clostridia,Clostridiales,Lachnospiraceae,Dorea,Dorea sp. CAG:105,0.8302294809539338,0.19558391949182585,0.5158037795202202,0.8293562983408161,1.1569904624254386,21.703604192326814,26.14169297793348,11.550453797120149,8.054067434990879e-27
1262927,G000437495,Bacteria,Bacteroidetes,Bacteroidia,Bacteroidales,Prevotellaceae,Prevotella,Prevotella sp. CAG:485,1.7951028951539336,1.311091723027476,-0.08731028459216984,1.622638701586338,4.090311628065433,1.0442949936275718,0.5817465931600658,16.441680571190865,9.45089901923976e-47
1262964,G000431355,Bacteria,Firmicutes,Clostridia,Clostridiales,Ruminococcaceae,Ruminococcus,Ruminococcus sp. CAG:60,0.8700939516039338,0.18242335788879133,0.5897110500486167,0.8805584654545349,1.1658858268790702,26.146000102633334,30.049628611296193,16.75428231297672,4.34235888410147e-48
1262969,G000433035,Bacteria,Firmicutes,Bacilli,Bacillales,Staphylococcaceae,Staphylococcus,Staphylococcus sp. CAG:324,1.4737484241289338,1.0829170225463205,-0.26171982586741044,1.503382018326712,3.2058171045821764,1.2567039863396323,0.8527262630203748,13.971026010354231,2.1716001921349973e-36
1262990,G000433875,Bacteria,Firmicutes,,,,,Firmicutes bacterium CAG:884,0.8814932191039339,0.4217334501991367,0.2046233622980156,0.877374970527109,1.5726903057204895,4.956132152653076,5.62242799518202,7.787757378503348,5.944806001150187e-14
1262992,G000431575,Bacteria,Firmicutes,,,,,Firmicutes bacterium CAG:83,0.8478858881039337,0.24199118463198302,0.44457984250157434,0.8581358879437868,1.273371582226678,14.478991592039991,17.07658046346109,10.79465424545367,5.25786997470435e-24
1263034,G000436395,Bacteria,Verrucomicrobia,Verrucomicrobiae,Verrucomicrobiales,Akkermansiaceae,Akkermansia,Akkermansia muciniphila CAG:154,1.4237379976039337,0.4571335016207458,0.6771901891295972,1.4293410121887418,2.1536547162266415,6.8130876372086195,4.785352114416164,30.908374268031945,6.190486395633595e-108
1263072,G000433275,Bacteria,Firmicutes,Negativicutes,Veillonellales,Veillonellaceae,Dialister,Dialister invisus CAG:218,1.266997899603934,0.44266401177658304,0.5460836470087791,1.2454762293829933,2.018930907146621,6.46587737031904,5.103305516402425,24.837012058931524,5.471147158860897e-83
1267003,G000383435,Bacteria,Firmicutes,Bacilli,Lactobacillales,Lactobacillaceae,Lactobacillus,Lactobacillus parabrevis,1.259997045028934,0.584148866230741,0.3214221232732078,1.2456926546407483,2.1904468606989793,3.6925165488555236,2.9305755623980296,18.581623511638313,5.620744249833417e-56
1284708,G000758845,Bacteria,Firmicutes,Tissierellia,,,,Tissierellia bacterium S7-1-4,0.8193915923539339,0.2575330442806316,0.3994444775798447,0.8163284327540813,1.2351926486045803,12.354511561142234,15.077664545776472,7.930342528489254,2.2188441903720177e-14
1291734,G001311255,Bacteria,Firmicutes,Bacilli,Lactobacillales,Lactobacillaceae,Lactobacillus,Lactobacillus nasuensis,1.0119271884289338,0.6669699467213038,-0.002824528222925568,0.9569021861938776,2.1340595178108286,2.2747660296997605,2.2479542557122567,8.835536299677427,3.20944074570356e-17
1291734,G001434705,Bacteria,Firmicutes,Bacilli,Lactobacillales,Lactobacillaceae,Lactobacillus,Lactobacillus nasuensis,1.0119271884289338,0.6669699467213038,-0.002824528222925568,0.9569021861938776,2.1340595178108286,2.2747660296997605,2.2479542557122567,8.835536299677427,3.20944074570356e-17
1292025,G000403885,Bacteria,Proteobacteria,Deltaproteobacteria,Desulfobacterales,Desulfobulbaceae,Desulfobulbus,Desulfobulbus sp. Dsb5,2.8038598666039336,0.9158562172625723,1.3751537989604337,2.7129703611943317,4.391130055820361,3.3427331510097686,1.1921898062111513,45.56576671312337,3.2108023356550616e-160
1293573,G001515305,Bacteria,Proteobacteria,Betaproteobacteria,Neisseriales,Chromobacteriaceae,Aquitalea,Aquitalea pelogenes,1.530586151178934,0.4463523295285694,0.8208887940132527,1.5137747668345125,2.2429143702723615,7.6824929088798735,5.019314269217994,36.442548529387395,5.119125942527714e-129
1293598,G001311785,Bacteria,Firmicutes,Bacilli,Lactobacillales,Lactobacillaceae,Lactobacillus,Lactobacillus saniviri,1.2722343173539339,0.4923370075251626,0.4808564203524146,1.2871827741945983,2.1019173931428186,5.2485838868268,4.125485231166463,22.543866465253956,3.597705126247531e-73
1302613,G000403925,Bacteria,Proteobacteria,Deltaproteobacteria,Desulfobacterales,Desulfobulbaceae,Desulfobulbus,Desulfobulbus sp. oral taxon 041,1.2929457071039336,0.9440597587759191,-0.2108124764019161,1.246455908078322,2.841144900479198,1.4507123782728457,1.1220211106329387,12.19563427158302,2.697245743407507e-29
131110,G900106055,Bacteria,Actinobacteria,Actinobacteria,Actinomycetales,Actinomycetaceae,Actinomyces,Actinomyces radingae,0.9372136928539337,0.35601584176887857,0.3506968471430383,0.9406089485131521,1.511783598510045,7.3943495740708265,7.889715686455776,12.355538005540856,6.428437304868885e-30
1321814,G000488855,Bacteria,Firmicutes,Clostridia,Clostridiales,Clostridiales Family XIII. Incertae Sedis,,[Eubacterium] brachy,1.056368906603934,0.1956881426198855,0.7459028979315625,1.0601145662635263,1.3723206262718572,27.58586378022366,26.11385436259009,34.65652771677357,2.143913039332824e-122
1328313,G000568405,Bacteria,Proteobacteria,Gammaproteobacteria,Alteromonadales,Alteromonadaceae,Catenovulum,Catenovulum agarivorans,1.0927832808539337,0.4399543566417252,0.38903340822707044,1.0818810226991948,1.8535690886446479,5.6457129941990205,5.166361064553705,17.070314022747286,1.9100930556226855e-49
1333854,G000455385,Bacteria,Proteobacteria,Gammaproteobacteria,Pseudomonadales,Pseudomonadaceae,Pseudomonas,Pseudomonas alcaligenes,1.2642340395039338,0.4268292254337505,0.5934331469566407,1.259359411894093,1.9611955805596202,6.939356235736557,5.488980694159647,25.62892497680645,2.453111629432232e-86
1336237,G000518745,Bacteria,Proteobacteria,Gammaproteobacteria,Enterobacterales,Erwiniaceae,Phaseolibacter,Phaseolibacter flectens,0.7948120218539338,0.20523067485547447,0.4831687246237839,0.7927564788576078,1.118421110088756,18.8703467649204,23.74189902274564,7.556052937223167,2.870172748721128e-13
1346614,G000422085,Bacteria,Proteobacteria,Gammaproteobacteria,Enterobacterales,Yersiniaceae,Serratia,Serratia liquefaciens,0.8320015809039338,0.25335159626048515,0.4086981020032534,0.8321680996873015,1.2427381205153303,12.962144590482374,15.579471106773093,9.056682722420542,6.054718856217345e-18
1348163,G001184205,Bacteria,Proteobacteria,Deltaproteobacteria,Desulfarculales,Desulfarculaceae,Desulfocarbo,Desulfocarbo indianensis,1.0164847913289339,0.4891522767005448,0.13575771646688758,1.017755553408617,1.8195147653237411,4.2482760253552705,4.179379821119754,12.233796136889854,1.9169323970607046e-29
1348253,G000802305,Bacteria,Actinobacteria,Actinobacteria,Micrococcales,Microbacteriaceae,Microbacterium,Microbacterium mangrovi,0.996974410103934,0.4322290855744797,0.2806731823122506,1.0022590021409292,1.6302974053911021,5.336494117062801,5.3526891592999615,12.942168389975397,3.118772396703334e-32
1348634,G001592125,Bacteria,Actinobacteria,Actinobacteria,Micrococcales,Microbacteriaceae,Microbacterium,Microbacterium hominis,0.9462888028539339,0.5071591087467773,0.10107449463359738,0.9082995257399435,1.79723531980092,3.679046197918653,3.887868256311323,9.03122784261559,7.346012787588392e-18
1348635,G000740015,Bacteria,Proteobacteria,Gammaproteobacteria,Vibrionales,Vibrionaceae,Vibrio,Vibrio diazotrophicus,1.3102833104789338,0.5290043735488772,0.509481125772334,1.311251439937755,2.171135259038004,4.682164675684056,3.573398698005727,22.419776109760615,1.2347436603276124e-72
1348657,G000443165,Bacteria,Proteobacteria,Betaproteobacteria,Rhodocyclales,Rhodocyclaceae,Thauera,Thauera terpenica,1.024565925853934,0.36052171814879436,0.4132640735203425,1.0245342278748752,1.618528780887891,7.882737129604504,7.693733444272572,17.046994991335048,2.4059892282116397e-49
1349789,G000813345,Bacteria,Proteobacteria,Epsilonproteobacteria,Campylobacterales,Campylobacteraceae,Sulfurospirillum,Sulfurospirillum arsenophilum,0.9829383759864337,0.7824934813255758,-0.4909275588319276,1.035910699611157,2.125332097995434,1.605331895719687,1.6331968869448672,6.790166375826056,4.0755082746852264e-11
1354300,G000468535,Bacteria,Firmicutes,Tissierellia,Tissierellales,Peptoniphilaceae,Peptoniphilus,Peptoniphilus sp. ChDC B134,0.8224223447289337,0.2772816566472862,0.3632195479905554,0.8194566160806127,1.2900236553788331,10.696769096670808,13.006418375216212,7.584130614615549,2.375934974202425e-13
1354337,G001654855,Bacteria,Proteobacteria,Gammaproteobacteria,Enterobacterales,Morganellaceae,Cosenzaea,Cosenzaea myxofaciens,0.8469936066039339,0.29890668040661483,0.39544563910041886,0.834698703198254,1.359451306473513,9.480012049383223,11.192542630154954,8.679516747570782,1.0243555834406117e-16
1355374,G000585195,Bacteria,Proteobacteria,Epsilonproteobacteria,Campylobacterales,Campylobacteraceae,Arcobacter,Arcobacter lanthieri,0.8269538208539339,0.2928224912893269,0.3341919953112299,0.8190675381926307,1.3101516020351047,9.64433740581196,11.66248605738706,7.491124789941826,4.434662939251894e-13
137591,G001308145,Bacteria,Firmicutes,Bacilli,Lactobacillales,Leuconostocaceae,Weissella,Weissella cibaria,2.090683856603934,0.4120852022680247,1.430919359745339,2.0917921435889455,2.73373199862973,12.31159517357561,5.8887885581966115,66.65653216221145,2.2373663464197708e-218
1388739,G000480315,Bacteria,Proteobacteria,Alphaproteobacteria,Rhizobiales,Brucellaceae,Brucella,Brucella suis,1.3310466124789337,0.7683128792500562,-0.015120068189483504,1.3454200737190365,2.4988789997862653,2.254846787812168,1.694040439059271,15.977118160549304,9.009039625723295e-45
1403343,G000478785,Bacteria,Deinococcus-Thermus,Deinococci,Deinococcales,Deinococcaceae,Deinococcus,Deinococcus wulumuqiensis,1.849017469103934,0.4066996517330867,1.2137229797102964,1.8326184351967345,2.534695055613288,11.178754363450494,6.045780826975049,55.6549352626568,3.6919404638692064e-190
1408422,G000621485,Bacteria,Firmicutes,Clostridia,Clostridiales,Clostridiaceae,Alkaliphilus,Alkaliphilus transvaalensis,0.9752036311039339,0.3000524303647084,0.5204557515791951,0.9655372457198865,1.476030466240245,10.831809465505197,11.107228398281856,17.192215448079693,5.711122037147866e-50
1410656,G000622045,Bacteria,Fusobacteria,Fusobacteriia,Fusobacteriales,Fusobacteriaceae,Fusobacterium,Fusobacterium necrophorum,1.167463134428934,0.639673158096137,0.09515356201378394,1.188894081206644,2.1417624058416678,2.8531652175194715,2.4439017673265555,14.075557151480192,8.094735017804875e-37
1416752,G000633215,Bacteria,Actinobacteria,Actinobacteria,Micrococcales,Microbacteriaceae,Microbacterium,Microbacterium paraoxydans,0.8518496260289337,0.3234165808466895,0.3201619552286275,0.8460128317397957,1.3449376391054242,8.144011423610296,9.560386216960875,8.322040632560697,1.3891848512679929e-15
1421013,G000504425,Bacteria,Proteobacteria,Alphaproteobacteria,Rhizobiales,Bradyrhizobiaceae,Rhodopseudomonas,Rhodopseudomonas palustris,1.1179561858539337,0.3490483684006034,0.5185875765203851,1.1028910522529025,1.680530764151442,9.176003251393796,8.207837988198836,22.95847180225967,5.880255954720666e-75
1423,G000696615,Bacteria,Firmicutes,Bacilli,Bacillales,Bacillaceae,Bacillus,Bacillus subtilis,1.7904204703539337,0.7805227553192877,0.6280655827259859,1.7138592897965643,3.090252888854227,2.938893826954457,1.6414545497089248,27.498112857414625,3.896252226199417e-94
1423,G000740715,Bacteria,Firmicutes,Bacilli,Bacillales,Bacillaceae,Bacillus,Bacillus subtilis,1.7904204703539337,0.7805227553192877,0.6280655827259859,1.7138592897965643,3.090252888854227,2.938893826954457,1.6414545497089248,27.498112857414625,3.896252226199417e-94
1423,G001663575,Bacteria,Firmicutes,Bacilli,Bacillales,Bacillaceae,Bacillus,Bacillus subtilis,1.7904204703539337,0.7805227553192877,0.6280655827259859,1.7138592897965643,3.090252888854227,2.938893826954457,1.6414545497089248,27.498112857414625,3.896252226199417e-94
1423,G900110305,Bacteria,Firmicutes,Bacilli,Bacillales,Bacillaceae,Bacillus,Bacillus subtilis,1.7904204703539337,0.7805227553192877,0.6280655827259859,1.7138592897965643,3.090252888854227,2.938893826954457,1.6414545497089248,27.498112857414625,3.896252226199417e-94
1423714,G001311725,Bacteria,Firmicutes,Bacilli,Lactobacillales,Lactobacillaceae,Lactobacillus,Lactobacillus acetotolerans,2.145255279103934,0.6624281821403456,1.1390272887582533,2.069937421739115,3.3378786709378345,4.888789951405492,2.2788849415849115,43.11350235171488,3.0061623117256062e-152
1423714,G001436775,Bacteria,Firmicutes,Bacilli,Lactobacillales,Lactobacillaceae,Lactobacillus,Lactobacillus acetotolerans,2.145255279103934,0.6624281821403456,1.1390272887582533,2.069937421739115,3.3378786709378345,4.888789951405492,2.2788849415849115,43.11350235171488,3.0061623117256062e-152
1423731,G001434915,Bacteria,Firmicutes,Bacilli,Lactobacillales,Lactobacillaceae,Lactobacillus,Lactobacillus capillatus,1.2510543188539338,0.6654505377523768,0.2020225261892974,1.261785704370204,2.365692870903862,2.8251701294015596,2.258231386779147,16.04263454291854,4.7451494298903695e-45
1423734,G000583695,Bacteria,Firmicutes,Bacilli,Lactobacillales,Lactobacillaceae,Lactobacillus,Lactobacillus composti,1.135418109253934,0.6391931220710417,0.09226104059965294,1.1571668698511337,2.148485991865483,2.7790197313595684,2.4475739013759616,13.083456787603742,8.514467613204109e-33
1423742,G001311375,Bacteria,Firmicutes,Bacilli,Lactobacillales,Lactobacillaceae,Lactobacillus,Lactobacillus equigenerosi,1.3365253956039336,0.5668729988601903,0.4832308264238631,1.296805786828469,2.305387351913922,4.1591604311889645,3.1119202409989155,21.847929507054452,3.663493734236282e-70
1423746,G001436045,Bacteria,Firmicutes,Bacilli,Lactobacillales,Lactobacillaceae,Lactobacillus,Lactobacillus frumenti,1.4445433171789341,0.6527958136601938,0.45359289514063517,1.4300955914674607,2.5073877509247846,3.389813837317631,2.3466335671661542,22.28163760501908,4.877207476326785e-72
1423749,G001434365,Bacteria,Firmicutes,Bacilli,Lactobacillales,Lactobacillaceae,Lactobacillus,Lactobacillus gastricus,0.9080530882539338,0.4717757280624512,0.2052543518537268,0.8866786294792635,1.7176401638527012,4.079811076663641,4.492921316427192,8.087646194135948,7.373329973569358e-15
1423761,G001435325,Bacteria,Firmicutes,Bacilli,Lactobacillales,Lactobacillaceae,Lactobacillus,Lactobacillus intestinalis,1.293054662853934,0.6568033685256446,0.22531314776442732,1.278119015581213,2.4358805822432426,2.9974099303557975,2.3180844680921204,17.53277649808579,1.9460560025438818e-51
1423765,G001435445,Bacteria,Firmicutes,Bacilli,Lactobacillales,Lactobacillaceae,Lactobacillus,Lactobacillus paralimentarius,1.0122400126039337,0.42531842736352393,0.37114841102358065,0.9824124147423738,1.7550648667598794,5.59570874715922,5.52804540176648,13.870298766782124,5.6072802777766777e-36
1423775,G000615905,Bacteria,Firmicutes,Bacilli,Lactobacillales,Lactobacillaceae,Lactobacillus,Lactobacillus nodensis,1.3317991174789336,0.9628555989540533,-0.18231532713570725,1.3352866114443533,2.843927156015022,1.4365356310851316,1.0786428765656955,12.764609531690004,1.5815526878443187e-31
1423782,G001435935,Bacteria,Firmicutes,Bacilli,Lactobacillales,Lactobacillaceae,Lactobacillus,Lactobacillus panis,1.0509817896789337,0.4627506891143868,0.3145242818718482,1.0381680174507941,1.8387204492223057,4.907960318733989,4.6698814070159385,14.4227320608057,3.002338920047928e-38
1423794,G001435345,Bacteria,Firmicutes,Bacilli,Lactobacillales,Lactobacillaceae,Lactobacillus,Lactobacillus pontis,2.2723983848539335,1.2663984723008699,0.1482153611820404,2.2808487110249436,4.375952584968744,1.4169147327796239,0.6235327142563081,24.559774655319316,8.239815132419722e-82
1429888,G000756355,Bacteria,Firmicutes,Bacilli,Lactobacillales,Leuconostocaceae,Leuconostoc,Leuconostoc mesenteroides,0.9422415278539339,0.4323776800466516,0.23764191820742944,0.9413445480572221,1.6328240173971331,5.040060007947119,5.349010693071923,10.406004220811178,1.3456981540506402e-22
1439331,G000694955,Bacteria,Proteobacteria,Gammaproteobacteria,Enterobacterales,Enterobacteriaceae,Lelliottia,Lelliottia amnigena,0.9697286366039338,0.22402608511864835,0.6058668441398567,0.9689280257878569,1.3327028595548842,19.322042878879774,19.925206031397703,22.53784926820429,3.819322635116455e-73
1442598,G000522465,Bacteria,Proteobacteria,Epsilonproteobacteria,Campylobacterales,Campylobacteraceae,Arcobacter,Arcobacter cibarius,1.242372887853934,1.0851288475139023,-0.427394933383985,1.2666311710310663,3.0498087036797368,1.0550896117788415,0.8492535712054984,9.678068358066996,4.8662710389555575e-20
1442599,G000559025,Bacteria,Proteobacteria,Gammaproteobacteria,Xanthomonadales,Xanthomonadaceae,Luteimonas,Luteimonas huabeiensis,1.1147491810289338,0.5028817472835836,0.36743682587246007,1.0651781109543084,1.9362062966874845,4.4080388821565,3.9542876165989203,15.807845621740471,4.708823730384604e-44
1447715,G000800475,Bacteria,Actinobacteria,Actinobacteria,Bifidobacteriales,Bifidobacteriaceae,Bifidobacterium,Bifidobacterium pseudolongum,0.9478709728039338,0.26340887185531353,0.5112100419677661,0.9461247043989456,1.3888023999040373,13.661186717395614,14.412496119576199,17.508570725299098,2.4750707177801215e-51
1452487,G001619695,Bacteria,Proteobacteria,Betaproteobacteria,Neisseriales,Neisseriaceae,Crenobacter,Crenobacter luteus,1.2530364806039338,0.3898181812355135,0.6078636984445317,1.2655033133990814,1.8456622852452262,8.2459279044047,6.5807564520630395,27.48774565770257,4.3000185224232115e-94
1454010,G000708885,Bacteria,Actinobacteria,Actinobacteria,Micrococcales,Cellulomonadaceae,Cellulomonas,Cellulomonas sp. HZM,0.9866913391039338,0.5728144844804787,0.10198817768868926,0.9591388195065986,1.967088020096808,3.007137826612673,3.047698613979538,9.406745699590688,4.096944369727855e-19
1506471,G001182045,Bacteria,Proteobacteria,Betaproteobacteria,Burkholderiales,Sutterellaceae,,Sutterellaceae bacterium ND3,0.9243557871039337,0.244508304060264,0.5480157222633845,0.9190580575221086,1.3054221311704661,15.461511146308451,16.726796501972863,16.93852143168608,7.03563836857628e-49
1515612,G000803645,Bacteria,Proteobacteria,Alphaproteobacteria,Sphingomonadales,Sphingomonadaceae,Sphingopyxis,Sphingopyxis fribergensis,0.9211717334539338,0.3144395112132366,0.42806565345219977,0.9341025521619952,1.4226282194367352,9.316791530661261,10.114065805870906,12.968879323770985,2.441044691059256e-32
1548018,G000762875,Bacteria,Proteobacteria,Epsilonproteobacteria,Campylobacterales,Helicobacteraceae,Helicobacter,Helicobacter saguini,1.0582474343539336,0.8440218986701802,-0.3198845464813694,1.0708917777110158,2.2088017244430795,1.4855244172664583,1.4037590539242646,8.07969805557716,7.798214883612727e-15
1549811,G000740655,Bacteria,Firmicutes,Bacilli,Bacillales,Bacillaceae,Bacillus,Bacillus sp. BSC154,1.1896022585539336,0.8035250191262819,0.02050777350446914,1.1186373855133103,2.7226980088946813,1.8424808065581881,1.5488208712699367,11.756371429257737,1.3270575690269414e-27
155892,G001449105,Bacteria,Proteobacteria,Alphaproteobacteria,Caulobacterales,Caulobacteraceae,Caulobacter,Caulobacter vibrioides,1.689500546603934,0.2826995811044597,1.2252219355294445,1.6926495803017116,2.1662549789666903,21.140147184834696,12.512660754877245,68.78151096858224,2.21872455857119e-223
1566387,G001705425,Bacteria,Proteobacteria,Alphaproteobacteria,Rhizobiales,Phyllobacteriaceae,Mesorhizobium,Mesorhizobium sp. UASWS1009,1.1540083316039338,0.3129998381729045,0.6602338267525711,1.1457893560879024,1.6427551868547814,11.779333512584811,10.207321030527522,27.90627653208204,8.103937304170066e-96
1583,G001436895,Bacteria,Firmicutes,Bacilli,Lactobacillales,Leuconostocaceae,Weissella,Weissella confusa,1.6617226516039338,0.3811057610737153,0.9743203515757985,1.6876436434501134,2.2966871100961024,11.441092901407035,6.885079703501557,49.56352899345549,1.3118125293368638e-172
1583,G001884305,Bacteria,Firmicutes,Bacilli,Lactobacillales,Leuconostocaceae,Weissella,Weissella confusa,1.6617226516039338,0.3811057610737153,0.9743203515757985,1.6876436434501134,2.2966871100961024,11.441092901407035,6.885079703501557,49.56352899345549,1.3118125293368638e-172
1600,G001042405,Bacteria,Firmicutes,Bacilli,Lactobacillales,Lactobacillaceae,Lactobacillus,Lactobacillus acetotolerans,1.2549656713289337,0.4591803170556365,0.5316742702918152,1.2364396994549436,2.059776515681515,5.952032843563349,4.7427853841296725,23.419572733443218,6.134797154205738e-77
1604835,G001276605,Bacteria,Proteobacteria,Gammaproteobacteria,Thiotrichales,Thiotrichaceae,Achromatium,Achromatium sp. WMS2,1.4715351742289338,0.47888963811251267,0.6828304175654875,1.4740791534055555,2.255735003294636,6.416523175118906,4.3604279989304935,31.500361858958854,2.86733070732376e-110
160492,G000006725,Bacteria,Proteobacteria,Gammaproteobacteria,Xanthomonadales,Xanthomonadaceae,Xylella,Xylella fastidiosa,0.9803542051789339,0.6498001045071167,-0.1088085469964744,0.9679360984755099,2.094234548015282,2.3217928120671174,2.3683203476883588,8.09722478275221,6.891582179584026e-15
1628855,G001602545,Bacteria,,,,,,bacteria symbiont BFo1 of Frankliniella occidentalis,0.8235860888539338,0.24064523684048958,0.4156875552634127,0.8236386755546485,1.185334132353571,14.221796577811356,17.268135985154608,8.835475870895174,3.210892079117465e-17
1628856,G001602535,Bacteria,,,,,,bacteria symbiont BFo2 of Frankliniella occidentalis,1.2237952416039337,0.27230040235943104,0.7624487267347188,1.2320450483146255,1.6387292633005721,16.50487327280329,13.486629716889263,37.20302339171016,8.752232828445707e-132
1628856,G001602605,Bacteria,,,,,,bacteria symbiont BFo2 of Frankliniella occidentalis,1.2237952416039337,0.27230040235943104,0.7624487267347188,1.2320450483146255,1.6387292633005721,16.50487327280329,13.486629716889263,37.20302339171016,8.752232828445707e-132
1638783,G000980515,Bacteria,Verrucomicrobia,Verrucomicrobiae,Verrucomicrobiales,Akkermansiaceae,Akkermansia,Akkermansia sp. UNK.MGS-1,1.3516191449789339,0.43644658391093266,0.7307598251970727,1.3419333610561,2.092051492208843,7.0956492183933095,5.2497400948725845,29.068565945378232,1.4566943034824362e-100
1641875,G001441615,Bacteria,Proteobacteria,Alphaproteobacteria,Rhodobacterales,Rhodobacteraceae,Roseovarius,Roseovarius atlanticus,2.168538701603934,0.8960637978383446,0.8461550451566827,2.0599930477973922,3.779564256497595,2.7007806544729767,1.2454380696435698,32.39196529150075,9.488416677977992e-114
1643450,G001185205,Bacteria,Proteobacteria,Alphaproteobacteria,Rhizobiales,Hyphomicrobiaceae,Devosia,Devosia sp. H5989,2.7523627266039337,0.606696872992541,1.8371595917910675,2.6894659794272906,3.7743637515192376,7.477598710625534,2.716792608164674,67.08745297760979,2.1102977501262208e-219
1671632,G001512695,Bacteria,Firmicutes,Clostridia,Thermoanaerobacterales,Thermoanaerobacteraceae,Tepidanaerobacter,Tepidanaerobacter sp. DTU063,1.2782781303539337,0.39175612378942465,0.6367468453900306,1.2694853843770972,1.8899575869121996,8.32901742997805,6.515810004253053,28.640410020957226,8.010750893522005e-99
1673724,G001299475,Bacteria,Firmicutes,Clostridia,Clostridiales,,Neofamilia,Neofamilia massiliensis,1.0010309501039338,0.299764557034216,0.5350577058822237,1.0143279927470297,1.461206618122338,11.140044885528544,11.128571883188936,18.93189930356652,1.69523315428023e-57
1674803,G001602695,Archaea,Euryarchaeota,Methanomicrobia,Methanomicrobiales,,,Methanomicrobiales archaeon Methan_06,1.1690828791039338,0.906483730379966,-0.21960223600478782,1.150633149583333,2.5918333382290397,1.4227391192416319,1.2169702804407825,9.968354296620817,4.78531454235148e-21
1674832,G001603565,Bacteria,Bacteroidetes,Bacteroidia,Bacteroidales,,,Bacteroidales bacterium Bact_18,1.3445441391039339,0.33175632224833296,0.8169459931286741,1.3527261452504302,1.8869054995223808,12.21621445403401,9.08576676566041,37.81503274309655,5.468668143575169e-134
1674840,G001602975,Bacteria,Firmicutes,Clostridia,Clostridiales,,,Clostridiales bacterium Firm_02,1.569292917603934,0.47980490149109783,0.7911180457617234,1.573231071595412,2.36568135657551,6.816707423665369,4.3438081872397785,35.51516815604304,1.3365251366359432e-125
1674855,G001604195,Bacteria,Firmicutes,Clostridia,Clostridiales,,,Clostridiales bacterium Firm_17,0.9301754946039338,0.48468860983979034,0.13884361045700533,0.9070743354371487,1.761371280305483,3.9594901416008192,4.2567130230481505,8.785028597964054,4.6798916730303646e-17
1674916,G001604625,Bacteria,Verrucomicrobia,Verrucomicrobiae,Verrucomicrobiales,Verrucomicrobia subdivision 3,,Verrucomicrobia bacterium Verruco_04,1.2526151661539338,0.7141958369432129,0.22094433131130523,1.2292071403068028,2.5282241397534864,2.455743690787539,1.960493339967874,14.991401763661248,1.2927650425867918e-40
1686287,G001286805,Bacteria,Firmicutes,Tissierellia,,,Kallipyga,Kallipyga gabonensis,1.0647795766539339,0.5126716103415867,0.29433341229575544,1.0229836312216554,1.8898893524579021,4.051176596604039,3.8047091486623428,13.556601924805715,1.0596532921409782e-34
1691980,G001307855,Bacteria,Proteobacteria,Betaproteobacteria,Rhodocyclales,Rhodocyclaceae,,Rhodocyclaceae bacterium Paddy-1,0.825921827603934,0.24229505847959842,0.4525359507723339,0.8378625563366906,1.1893312163367749,14.068565923783792,17.03377420669198,8.968115041986986,1.1845819203409679e-17
1692501,G001262595,Bacteria,Proteobacteria,Alphaproteobacteria,Rhizobiales,Methylobacteriaceae,Methylobacterium,Methylobacterium sp. ARG-1,0.9377811740764338,0.4800358563085819,0.19686782372009062,0.9008662517012116,1.8097706295605427,4.069622760680051,4.339629407348667,9.187057237584852,2.237361010179502e-18
1736286,G001424305,Bacteria,Bacteroidetes,Sphingobacteriia,Sphingobacteriales,Sphingobacteriaceae,Pedobacter,Pedobacter sp. Leaf176,1.0707359818539337,0.5302633646458083,0.2486300084525922,1.0606629317666552,2.03725896324357,3.8080193883519096,3.5564503788865722,13.331513196790267,8.60148693334089e-34
1759079,G001468395,Bacteria,Proteobacteria,Alphaproteobacteria,Sphingomonadales,Sphingomonadaceae,Sphingopyxis,Sphingopyxis sp. H073,1.0044468436539338,0.415820113164883,0.35468355991659845,0.9965505516367914,1.7400759221546491,5.809195253556924,5.783477035404364,13.812295504023844,9.67221502219778e-36
1766719,G001517865,Bacteria,Fusobacteria,Fusobacteriia,Fusobacteriales,Leptotrichiaceae,Caviibacter,Caviibacter abscessus,1.3118552791039337,0.39519527371231594,0.639648900793288,1.3195692552832994,1.9078662081236752,8.399674236234356,6.402897003983377,30.090438270794056,1.1151628683253649e-104
1769291,G001517915,Bacteria,Fusobacteria,Fusobacteriia,Fusobacteriales,Leptotrichiaceae,Oceanivirga,Oceanivirga salmonicida,1.1913488158539338,0.4876742161877299,0.4075522305026987,1.1609765807942174,2.05150924145525,5.009326603760928,4.204752241408279,19.44222066458423,1.0271076272857892e-59
177439,G000025945,Bacteria,Proteobacteria,Deltaproteobacteria,Desulfobacterales,Desulfobulbaceae,Desulfotalea,Desulfotalea psychrophila,1.0972311566039337,0.288258296751733,0.6393144894102695,1.0861984313707245,1.5970726055822462,13.204881215353808,12.034730453904126,26.36217803331731,2.0513331518359677e-89
178339,G001746855,Bacteria,Actinobacteria,Actinobacteria,Actinomycetales,Actinomycetaceae,Actinomyces,Actinomyces hongkongensis,0.8017489841039338,0.17169209176775516,0.5117187473957937,0.7924213610844673,1.1026234187413038,27.198054190489916,33.92340337155217,9.840133410660053,1.3396800341214591e-20
1807729,G001689425,Bacteria,Bacteroidetes,Bacteroidia,Bacteroidales,,,Bacteroidales bacterium M1,1.7196807238539338,1.2172065114203359,-0.28214764414756804,1.7377260890585031,3.734051446148312,1.1606981422646958,0.6749497893210573,16.47058875831697,7.111358268698941e-47
1842533,G001714725,Bacteria,Proteobacteria,Betaproteobacteria,Burkholderiales,Comamonadaceae,Acidovorax,Acidovorax sp. RAC01,0.9690720557539337,0.3446688126620116,0.43780694060423814,0.9559896340307599,1.5314764379077108,8.157406305288784,8.417750008220347,14.610937620539314,4.981672701784712e-39
1843368,G001713415,Bacteria,Proteobacteria,Alphaproteobacteria,Sphingomonadales,Sphingomonadaceae,Sphingobium,Sphingobium sp. RAC03,2.3482135091039336,0.4712462075370383,1.614465117563516,2.326247395763549,3.0964208396082378,10.574061838875046,4.503024021401723,69.21809251056152,2.1590207707910907e-224
1851429,G001678845,Bacteria,Firmicutes,Clostridia,Clostridiales,Christensenellaceae,Christensenella,Christensenella sp. AF73-05CM02,1.316459610878934,0.3814072026712721,0.7243710610930392,1.3272668939940933,1.9210418050905174,9.04960782629444,6.87420088813243,31.419662607626524,5.950896354106722e-110
1855376,G900113595,Bacteria,Firmicutes,Clostridia,Clostridiales,Lachnospiraceae,,Lachnospiraceae bacterium NLAE-zl-G231,0.8522324351039338,0.22361183614801564,0.49365823464683267,0.8368112035548414,1.232758376856122,17.043880614319626,19.999098734421015,12.070658490382213,8.225874116856788e-29
1867952,G900093605,Bacteria,Proteobacteria,Alphaproteobacteria,Rhizobiales,Methylocystaceae,Terasakiella,Terasakiella sp. PR1,0.8775508448039337,0.44701468295551827,0.14242986554551723,0.8964891426338095,1.5984408915783723,4.391660017609871,5.004450788935284,7.17092843876221,3.6418757716159195e-12
1895746,G001897605,Bacteria,Firmicutes,Clostridia,Clostridiales,,,Clostridiales bacterium 38-18,1.464200547853934,0.7132388994836522,0.2619434179990062,1.449370135379025,2.6265314456688134,2.878263316033777,1.9657575734775015,20.944601275063235,3.027267140197884e-66
1896967,G001917295,Bacteria,Verrucomicrobia,Verrucomicrobiae,Verrucomicrobiales,Akkermansiaceae,Akkermansia,Akkermansia sp. 54_46,1.4402837491039338,0.4311021869009732,0.7014821453747057,1.4640492362061917,2.1512966496608272,7.749748498023947,5.380709532302519,33.54232204781552,3.550871465469382e-118
1909457,G001996245,Bacteria,Proteobacteria,Gammaproteobacteria,Vibrionales,Vibrionaceae,Salinivibrio,Salinivibrio sp. MA607,1.2653240208539338,0.590162435325283,0.39111216791868486,1.2671590590866701,2.324918352951056,3.6329433650098784,2.871156561588154,18.572808378609498,6.138164360611805e-56
1917880,G900130115,Bacteria,Proteobacteria,Gammaproteobacteria,Enterobacterales,Yersiniaceae,Nissabacter,Nissabacter archeti,0.9537038046039338,0.2586157425996487,0.5130200237832152,0.9723424321398187,1.3607240551068462,14.25947707259047,14.951683115610852,18.284151811554974,1.0956147485456716e-54
1929996,G001940945,Bacteria,Verrucomicrobia,Verrucomicrobiae,Verrucomicrobiales,Akkermansiaceae,Akkermansia,Akkermansia sp. Phil8,1.4687433246039336,0.44256975045513336,0.691919770488481,1.4978782297236155,2.154789226056667,7.4986391061724795,5.105479616865383,33.95930219608093,9.192822465033823e-120
207559,G000012665,Bacteria,Proteobacteria,Deltaproteobacteria,Desulfovibrionales,Desulfovibrionaceae,Desulfovibrio,Desulfovibrio alaskensis,0.8962885522039338,0.4249901693784616,0.27274333684992047,0.8814024217841157,1.5859514924892855,4.9623807198235665,5.5365883092239585,8.424346510852367,6.6368472984454175e-16
210007,G000007465,Bacteria,Firmicutes,Bacilli,Lactobacillales,Streptococcaceae,Streptococcus,Streptococcus mutans,1.0038782893539338,0.309031859961064,0.47992000220681713,1.016660140814229,1.4511521952714972,10.5117385476792,10.471128481565469,18.548440909206597,7.829807300735134e-56
2340,G000787395,Bacteria,Proteobacteria,Gammaproteobacteria,,,,Solemya velum gill symbiont,1.375509514378934,0.8175687216169806,0.15846615254661164,1.3840909445070864,2.728789959202039,2.057856385808722,1.4960684490342322,16.102235012138188,2.6470162865116093e-45
2340,G002020385,Bacteria,Proteobacteria,Gammaproteobacteria,,,,Solemya velum gill symbiont,1.375509514378934,0.8175687216169806,0.15846615254661164,1.3840909445070864,2.728789959202039,2.057856385808722,1.4960684490342322,16.102235012138188,2.6470162865116093e-45
2340,G002020605,Bacteria,Proteobacteria,Gammaproteobacteria,,,,Solemya velum gill symbiont,1.375509514378934,0.8175687216169806,0.15846615254661164,1.3840909445070864,2.728789959202039,2.057856385808722,1.4960684490342322,16.102235012138188,2.6470162865116093e-45
2340,G002020685,Bacteria,Proteobacteria,Gammaproteobacteria,,,,Solemya velum gill symbiont,1.375509514378934,0.8175687216169806,0.15846615254661164,1.3840909445070864,2.728789959202039,2.057856385808722,1.4960684490342322,16.102235012138188,2.6470162865116093e-45
2340,G002020715,Bacteria,Proteobacteria,Gammaproteobacteria,,,,Solemya velum gill symbiont,1.375509514378934,0.8175687216169806,0.15846615254661164,1.3840909445070864,2.728789959202039,2.057856385808722,1.4960684490342322,16.102235012138188,2.6470162865116093e-45
2340,G002020725,Bacteria,Proteobacteria,Gammaproteobacteria,,,,Solemya velum gill symbiont,1.375509514378934,0.8175687216169806,0.15846615254661164,1.3840909445070864,2.728789959202039,2.057856385808722,1.4960684490342322,16.102235012138188,2.6470162865116093e-45
2340,G002020745,Bacteria,Proteobacteria,Gammaproteobacteria,,,,Solemya velum gill symbiont,1.375509514378934,0.8175687216169806,0.15846615254661164,1.3840909445070864,2.728789959202039,2.057856385808722,1.4960684490342322,16.102235012138188,2.6470162865116093e-45
2340,G002020775,Bacteria,Proteobacteria,Gammaproteobacteria,,,,Solemya velum gill symbiont,1.375509514378934,0.8175687216169806,0.15846615254661164,1.3840909445070864,2.728789959202039,2.057856385808722,1.4960684490342322,16.102235012138188,2.6470162865116093e-45
2340,G002020795,Bacteria,Proteobacteria,Gammaproteobacteria,,,,Solemya velum gill symbiont,1.375509514378934,0.8175687216169806,0.15846615254661164,1.3840909445070864,2.728789959202039,2.057856385808722,1.4960684490342322,16.102235012138188,2.6470162865116093e-45
2340,G002020845,Bacteria,Proteobacteria,Gammaproteobacteria,,,,Solemya velum gill symbiont,1.375509514378934,0.8175687216169806,0.15846615254661164,1.3840909445070864,2.728789959202039,2.057856385808722,1.4960684490342322,16.102235012138188,2.6470162865116093e-45
2340,G002020915,Bacteria,Proteobacteria,Gammaproteobacteria,,,,Solemya velum gill symbiont,1.375509514378934,0.8175687216169806,0.15846615254661164,1.3840909445070864,2.728789959202039,2.057856385808722,1.4960684490342322,16.102235012138188,2.6470162865116093e-45
2340,G002020935,Bacteria,Proteobacteria,Gammaproteobacteria,,,,Solemya velum gill symbiont,1.375509514378934,0.8175687216169806,0.15846615254661164,1.3840909445070864,2.728789959202039,2.057856385808722,1.4960684490342322,16.102235012138188,2.6470162865116093e-45
2340,G002020965,Bacteria,Proteobacteria,Gammaproteobacteria,,,,Solemya velum gill symbiont,1.375509514378934,0.8175687216169806,0.15846615254661164,1.3840909445070864,2.728789959202039,2.057856385808722,1.4960684490342322,16.102235012138188,2.6470162865116093e-45
2340,G002020995,Bacteria,Proteobacteria,Gammaproteobacteria,,,,Solemya velum gill symbiont,1.375509514378934,0.8175687216169806,0.15846615254661164,1.3840909445070864,2.728789959202039,2.057856385808722,1.4960684490342322,16.102235012138188,2.6470162865116093e-45
2340,G002021005,Bacteria,Proteobacteria,Gammaproteobacteria,,,,Solemya velum gill symbiont,1.375509514378934,0.8175687216169806,0.15846615254661164,1.3840909445070864,2.728789959202039,2.057856385808722,1.4960684490342322,16.102235012138188,2.6470162865116093e-45
2340,G002021025,Bacteria,Proteobacteria,Gammaproteobacteria,,,,Solemya velum gill symbiont,1.375509514378934,0.8175687216169806,0.15846615254661164,1.3840909445070864,2.728789959202039,2.057856385808722,1.4960684490342322,16.102235012138188,2.6470162865116093e-45
2340,G002021035,Bacteria,Proteobacteria,Gammaproteobacteria,,,,Solemya velum gill symbiont,1.375509514378934,0.8175687216169806,0.15846615254661164,1.3840909445070864,2.728789959202039,2.057856385808722,1.4960684490342322,16.102235012138188,2.6470162865116093e-45
2340,G002021075,Bacteria,Proteobacteria,Gammaproteobacteria,,,,Solemya velum gill symbiont,1.375509514378934,0.8175687216169806,0.15846615254661164,1.3840909445070864,2.728789959202039,2.057856385808722,1.4960684490342322,16.102235012138188,2.6470162865116093e-45
2340,G002021105,Bacteria,Proteobacteria,Gammaproteobacteria,,,,Solemya velum gill symbiont,1.375509514378934,0.8175687216169806,0.15846615254661164,1.3840909445070864,2.728789959202039,2.057856385808722,1.4960684490342322,16.102235012138188,2.6470162865116093e-45
2340,G002021115,Bacteria,Proteobacteria,Gammaproteobacteria,,,,Solemya velum gill symbiont,1.375509514378934,0.8175687216169806,0.15846615254661164,1.3840909445070864,2.728789959202039,2.057856385808722,1.4960684490342322,16.102235012138188,2.6470162865116093e-45
2340,G002021175,Bacteria,Proteobacteria,Gammaproteobacteria,,,,Solemya velum gill symbiont,1.375509514378934,0.8175687216169806,0.15846615254661164,1.3840909445070864,2.728789959202039,2.057856385808722,1.4960684490342322,16.102235012138188,2.6470162865116093e-45
2340,G002021195,Bacteria,Proteobacteria,Gammaproteobacteria,,,,Solemya velum gill symbiont,1.375509514378934,0.8175687216169806,0.15846615254661164,1.3840909445070864,2.728789959202039,2.057856385808722,1.4960684490342322,16.102235012138188,2.6470162865116093e-45
2340,G002021235,Bacteria,Proteobacteria,Gammaproteobacteria,,,,Solemya velum gill symbiont,1.375509514378934,0.8175687216169806,0.15846615254661164,1.3840909445070864,2.728789959202039,2.057856385808722,1.4960684490342322,16.102235012138188,2.6470162865116093e-45
2340,G002021255,Bacteria,Proteobacteria,Gammaproteobacteria,,,,Solemya velum gill symbiont,1.375509514378934,0.8175687216169806,0.15846615254661164,1.3840909445070864,2.728789959202039,2.057856385808722,1.4960684490342322,16.102235012138188,2.6470162865116093e-45
2340,G002021265,Bacteria,Proteobacteria,Gammaproteobacteria,,,,Solemya velum gill symbiont,1.375509514378934,0.8175687216169806,0.15846615254661164,1.3840909445070864,2.728789959202039,2.057856385808722,1.4960684490342322,16.102235012138188,2.6470162865116093e-45
2340,G002021315,Bacteria,Proteobacteria,Gammaproteobacteria,,,,Solemya velum gill symbiont,1.375509514378934,0.8175687216169806,0.15846615254661164,1.3840909445070864,2.728789959202039,2.057856385808722,1.4960684490342322,16.102235012138188,2.6470162865116093e-45
2340,G002021855,Bacteria,Proteobacteria,Gammaproteobacteria,,,,Solemya velum gill symbiont,1.375509514378934,0.8175687216169806,0.15846615254661164,1.3840909445070864,2.728789959202039,2.057856385808722,1.4960684490342322,16.102235012138188,2.6470162865116093e-45
239935,G000723745,Bacteria,Verrucomicrobia,Verrucomicrobiae,Verrucomicrobiales,Akkermansiaceae,Akkermansia,Akkermansia muciniphila,1.2016583591039338,0.3108866942018812,0.6947380643027653,1.20069434038023,1.7440258966244737,12.433023146908084,10.346554037354911,31.161386991554878,6.19155199760871e-109
265072,G000013705,Bacteria,Proteobacteria,Betaproteobacteria,Methylophilales,Methylophilaceae,Methylobacillus,Methylobacillus flagellatus,1.534272704103934,0.3823040023151593,0.9169938162566234,1.5311313612384918,2.169869480903749,10.49747549216586,6.841988040383431,42.74071783083208,5.1958892525888515e-151
279238,G000013325,Bacteria,Proteobacteria,Alphaproteobacteria,Sphingomonadales,Sphingomonadaceae,Novosphingobium,Novosphingobium aromaticivorans,1.162852608353934,0.6631189989303147,0.18765717241357768,1.1625812555051134,2.1883873211535105,2.6444887837718425,2.274139271627232,13.438833132402062,3.1744715782428037e-34
28141,G000982825,Bacteria,Proteobacteria,Gammaproteobacteria,Enterobacterales,Enterobacteriaceae,Cronobacter,Cronobacter sakazakii,0.8531552193639338,0.2412723058963482,0.49409968876573496,0.8486123952473924,1.2646467475852374,14.655920557711783,17.178492524066655,11.263612637405195,9.674375491086829e-26
304207,G001636165,Bacteria,Firmicutes,Bacilli,Lactobacillales,Lactobacillaceae,Lactobacillus,Lactobacillus harbinensis,0.8468154238539338,0.36349628024244096,0.23327826303030352,0.8496833693071089,1.4504854507694294,6.408978544856229,7.568329962258347,7.1274508829141645,4.822087668732781e-12
306263,G000019205,Bacteria,Proteobacteria,Epsilonproteobacteria,Campylobacterales,Campylobacteraceae,Campylobacter,Campylobacter lari,1.0233207806789337,0.5342152213641744,0.14033392063475653,1.0591254440599775,1.9846494398890469,3.585743972859659,3.504027320231547,11.457758549858648,1.804516157017185e-26
314275,G001562295,Bacteria,Proteobacteria,Gammaproteobacteria,Alteromonadales,Alteromonadaceae,Alteromonas,Alteromonas mediterranea,2.1654328814264336,1.1622497913314933,0.27537574396235504,2.1781515921785717,4.0261341307716405,1.603045219619886,0.7402885738780846,24.919902116583156,2.434846862416161e-83
314275,G001562315,Bacteria,Proteobacteria,Gammaproteobacteria,Alteromonadales,Alteromonadaceae,Alteromonas,Alteromonas mediterranea,2.1654328814264336,1.1622497913314933,0.27537574396235504,2.1781515921785717,4.0261341307716405,1.603045219619886,0.7402885738780846,24.919902116583156,2.434846862416161e-83
314275,G001886395,Bacteria,Proteobacteria,Gammaproteobacteria,Alteromonadales,Alteromonadaceae,Alteromonas,Alteromonas mediterranea,2.1654328814264336,1.1622497913314933,0.27537574396235504,2.1781515921785717,4.0261341307716405,1.603045219619886,0.7402885738780846,24.919902116583156,2.434846862416161e-83
314275,G001886435,Bacteria,Proteobacteria,Gammaproteobacteria,Alteromonadales,Alteromonadaceae,Alteromonas,Alteromonas mediterranea,2.1654328814264336,1.1622497913314933,0.27537574396235504,2.1781515921785717,4.0261341307716405,1.603045219619886,0.7402885738780846,24.919902116583156,2.434846862416161e-83
314315,G000026065,Bacteria,Firmicutes,Bacilli,Lactobacillales,Lactobacillaceae,Lactobacillus,Lactobacillus sakei,0.9705757568789337,0.2861289109168076,0.5261814826268504,0.9692335560932066,1.4463882878101342,11.855120034692751,12.214523132964999,17.705336129151075,3.500817340061034e-52
316,G000219605,Bacteria,Proteobacteria,Gammaproteobacteria,Pseudomonadales,Pseudomonadaceae,Pseudomonas,Pseudomonas stutzeri,1.7886911541039336,0.33825317955840123,1.271429964964874,1.7756990519295806,2.3691173324499175,15.633333187768892,8.740096439734785,63.3499336695822,2.5512994841889668e-210
316,G000590475,Bacteria,Proteobacteria,Gammaproteobacteria,Pseudomonadales,Pseudomonadaceae,Pseudomonas,Pseudomonas stutzeri,1.7886911541039336,0.33825317955840123,1.271429964964874,1.7756990519295806,2.3691173324499175,15.633333187768892,8.740096439734785,63.3499336695822,2.5512994841889668e-210
318167,G000014705,Bacteria,Proteobacteria,Gammaproteobacteria,Alteromonadales,Shewanellaceae,Shewanella,Shewanella frigidimarina,1.105797689853934,0.375926912344274,0.47582262708326184,1.0981277389045576,1.7094681618614684,7.82472067185903,7.076087012708996,20.670100885019423,4.71434937142738e-65
324831,G000014425,Bacteria,Firmicutes,Bacilli,Lactobacillales,Lactobacillaceae,Lactobacillus,Lactobacillus gasseri,1.296501153103934,0.521446933631676,0.4841038933602312,1.2772904363446713,2.195291024696198,4.768180326426057,3.6777293371553332,22.21609855458988,9.362015494928023e-72
33033,G000800295,Bacteria,Firmicutes,Tissierellia,Tissierellales,Peptoniphilaceae,Parvimonas,Parvimonas micra,1.108867769103934,0.2583752050495195,0.6902116103658569,1.105168678357086,1.5558723958569154,16.610323533049968,14.979534977802286,30.311920940900542,1.453173292400253e-105
332186,G000712635,Bacteria,Proteobacteria,Gammaproteobacteria,Alteromonadales,Shewanellaceae,Shewanella,Shewanella xiamenensis,1.1277074586039337,0.3309992045222709,0.6177328527058613,1.1172063168376414,1.6782822935186805,10.293013745428203,9.127379327765224,24.799584006244014,7.887262150912326e-83
338966,G000015045,Bacteria,Proteobacteria,Deltaproteobacteria,Desulfuromonadales,Desulfuromonadaceae,Pelobacter,Pelobacter propionicus,1.2301157379789338,0.7884427823207653,0.06564294338902754,1.174737517830459,2.5736220040722078,1.9788169017476722,1.608642862336552,13.008944207541978,1.6896916007930067e-32
34004,G001546115,Bacteria,Proteobacteria,Alphaproteobacteria,Rhodobacterales,Rhodobacteraceae,Paracoccus,Paracoccus aminovorans,1.408583787353934,0.8045089368180375,0.23484228492568052,1.3581534651264489,2.758643328460487,2.1763109131166245,1.5450347594905152,17.18584905748186,6.083009092703002e-50
343013,G001298675,Bacteria,Proteobacteria,Betaproteobacteria,Burkholderiales,Comamonadaceae,Acidovorax,Acidovorax caeni,1.4658952841039337,0.3199259907813546,0.8903006391058583,1.4696315899127779,1.953476671184075,14.322007621454267,9.770143731793887,46.79957090070407,4.0261191771062285e-164
349106,G000016885,Bacteria,Proteobacteria,Gammaproteobacteria,Pseudomonadales,Moraxellaceae,Psychrobacter,Psychrobacter sp. PRwf-1,0.9128879581789338,0.5551939260163511,0.05570845308473632,0.9108590265551758,1.8257022835146757,2.9616113517579556,3.2442221690226902,7.046641518795684,8.097769607082828e-12
349741,G000020225,Bacteria,Verrucomicrobia,Verrucomicrobiae,Verrucomicrobiales,Akkermansiaceae,Akkermansia,Akkermansia muciniphila,1.3586797933539339,0.42078278780061057,0.6563781211498273,1.3503029178500001,2.0110695559270635,7.67363580129784,5.647861872115787,30.486250021302286,2.934388747837702e-106
368603,G001676155,Bacteria,Proteobacteria,Gammaproteobacteria,Enterobacterales,Morganellaceae,Morganella,Morganella psychrotolerans,0.8232505148539337,0.21658280911202574,0.44209270060878697,0.8377000142222223,1.1590634657268168,17.550279869363987,21.318273785079704,9.786112352313726,2.0622656376479968e-20
368603,G001676225,Bacteria,Proteobacteria,Gammaproteobacteria,Enterobacterales,Morganellaceae,Morganella,Morganella psychrotolerans,0.8232505148539337,0.21658280911202574,0.44209270060878697,0.8377000142222223,1.1590634657268168,17.550279869363987,21.318273785079704,9.786112352313726,2.0622656376479968e-20
36870,G000008885,Bacteria,Proteobacteria,Gammaproteobacteria,Enterobacterales,Erwiniaceae,Wigglesworthia,Wigglesworthia glossinidia,0.8736214545289337,0.392007603748715,0.22424457930126954,0.8806296789829934,1.5427468971993195,5.685050263486769,6.507452666157575,7.97668837835712,1.6063400359051893e-14
371042,G000773975,Bacteria,Proteobacteria,Gammaproteobacteria,Enterobacterales,Erwiniaceae,Erwinia,Erwinia typographi,1.0019060773539337,0.23965095768273476,0.6090951943216282,1.0040666812309522,1.3604144974253531,17.444907591965556,17.411719507718846,23.753775109408277,2.2669782654785828e-78
387344,G000014465,Bacteria,Firmicutes,Bacilli,Lactobacillales,Lactobacillaceae,Lactobacillus,Lactobacillus brevis,1.298087436353934,0.7534195846737034,-0.010502166754211843,1.3456971150205441,2.3545720440546627,2.2868102814524867,1.7616766154641135,15.418025187891624,2.0907735519922963e-42
396268,G001437055,Bacteria,Firmicutes,Bacilli,Lactobacillales,Lactobacillaceae,Lactobacillus,Lactobacillus secaliphilus,1.0698085955789338,0.6343211601902771,0.014571426744710124,1.0888980330700448,2.1166393615015187,2.658812333218162,2.4853159193204357,11.115292631787682,3.455613173969629e-25
398578,G000018665,Bacteria,Proteobacteria,Betaproteobacteria,Burkholderiales,Comamonadaceae,Delftia,Delftia acidovorans,0.8130953316039339,0.19066960815439107,0.4916125694208661,0.8049762751660376,1.1398909079749036,22.36549525301396,27.506608860851752,10.050894094239881,2.456532297265056e-21
398579,G000018285,Bacteria,Proteobacteria,Gammaproteobacteria,Alteromonadales,Shewanellaceae,Shewanella,Shewanella pealeana,1.1623178141039339,0.3177604372254996,0.6235377241977984,1.1661383522297846,1.6323550908444329,11.511323136079298,9.9037655591244,28.011195371793523,3.0035224406283244e-96
399742,G000016325,Bacteria,Proteobacteria,Gammaproteobacteria,Enterobacterales,Enterobacteriaceae,Enterobacter,Enterobacter sp. 638,0.8197889038539339,0.21770322843805748,0.46347017294200366,0.8221656975215417,1.1541295173971335,17.297060192584905,21.09940755634674,9.417735778472203,3.760920662428356e-19
40215,G001941805,Bacteria,Proteobacteria,Gammaproteobacteria,Pseudomonadales,Moraxellaceae,Acinetobacter,Acinetobacter junii,0.8738958553539338,0.21004624217491036,0.5247129167189392,0.8884976885284468,1.192601777161571,19.80750832761066,22.665753826682792,14.912956695228921,2.750601853941874e-40
406817,G000252955,Bacteria,Proteobacteria,Gammaproteobacteria,Enterobacterales,Morganellaceae,Xenorhabdus,Xenorhabdus nematophila,1.0927549616039338,0.2740916178589835,0.6570703428115149,1.083865010524263,1.5369540048631345,14.545587873510895,13.310932811653437,27.39811124911374,1.0090857152762928e-93
412419,G000019685,Bacteria,Spirochaetes,Spirochaetia,Spirochaetales,Borreliaceae,Borrelia,Borrelia duttonii,1.6850265251039338,0.5296286518163936,0.788311402580839,1.6659457825848527,2.5197102952728954,6.007085297817708,3.5649796654964736,36.54451820567255,2.169462828429417e-129
426355,G000019725,Bacteria,Proteobacteria,Alphaproteobacteria,Rhizobiales,Methylobacteriaceae,Methylobacterium,Methylobacterium radiotolerans,0.9254849606039337,0.3167738866409548,0.43317890577576834,0.9231871929795916,1.4762839300212949,9.222966249104614,9.965549567748873,13.145630982107669,4.800539909838159e-33
438753,G000010525,Bacteria,Proteobacteria,Alphaproteobacteria,Rhizobiales,Xanthobacteraceae,Azorhizobium,Azorhizobium caulinodans,1.5916597011039337,0.6689580181324044,0.4674422008931115,1.5948463984561223,2.7101661184328454,3.5567430658119887,2.2346127525532777,26.14168147258641,1.718458039223479e-88
439375,G000017405,Bacteria,Proteobacteria,Alphaproteobacteria,Rhizobiales,Brucellaceae,Ochrobactrum,Ochrobactrum anthropi,1.161737439103934,0.3108287052357571,0.644855397687993,1.1763145818485259,1.6856432739553628,12.024464562906774,10.350414954502481,28.598524006358087,1.1869027530322138e-98
441620,G000019945,Bacteria,Proteobacteria,Alphaproteobacteria,Rhizobiales,Methylobacteriaceae,Methylobacterium,Methylobacterium populi,1.0492268486789338,0.3549057709664511,0.43898102935613353,1.0430072721783672,1.5661332946524824,8.329966842063095,7.939147623367847,18.706459356722,1.6145997950501722e-56
465721,G001579945,Bacteria,Proteobacteria,Gammaproteobacteria,Nevskiales,Sinobacteraceae,Steroidobacter,Steroidobacter denitrificans,0.9732475782539338,0.5743205232612635,0.09173176144442162,0.969301882173696,1.9638665014230856,2.950629361360788,3.0317356315999255,8.913916122097415,1.7824796142932656e-17
469617,G000158315,Bacteria,Fusobacteria,Fusobacteriia,Fusobacteriales,Fusobacteriaceae,Fusobacterium,Fusobacterium ulcerans,1.2587818130539339,0.5128609221377454,0.39416256466700245,1.2570468849014738,2.0928605129682425,4.785763595608647,3.801900810751224,21.1170888637938,5.39763553024755e-67
479437,G000024265,Bacteria,Actinobacteria,Coriobacteriia,Eggerthellales,Eggerthellaceae,Eggerthella,Eggerthella lenta,0.9796289191039338,0.21596269485554462,0.6364274786047359,0.9889266055770978,1.3324155849108212,21.00410211446593,21.44087593257085,24.29619519269157,1.092163123586175e-80
48936,G000807925,Bacteria,Proteobacteria,Alphaproteobacteria,Sphingomonadales,Sphingomonadaceae,Novosphingobium,Novosphingobium subterraneum,1.1363807141039337,0.2793927444862874,0.7044851672810655,1.1482834738303742,1.6007396895866284,14.557728211890236,12.810608303370751,30.00116450397441,2.5397307245312418e-104
519441,G000024565,Bacteria,Fusobacteria,Fusobacteriia,Fusobacteriales,Leptotrichiaceae,Streptobacillus,Streptobacillus moniliformis,0.8246068546789338,0.3131923205317167,0.2677868343005324,0.8178141219104966,1.3342638328621181,8.406684162656372,10.194778414653817,6.854032999294492,2.7367874185139434e-11
519989,G000225005,Bacteria,Proteobacteria,Gammaproteobacteria,Chromatiales,Ectothiorhodospiraceae,Ectothiorhodospira,Ectothiorhodospira sp. PHS-1,1.0922454122539338,0.580459008509928,0.04769893864082192,1.087110654866723,2.0182797794136618,3.241732073220501,2.96795210751303,12.919778212765442,3.8292344403051684e-32
525309,G000160835,Bacteria,Firmicutes,Bacilli,Lactobacillales,Lactobacillaceae,Lactobacillus,Lactobacillus antri,1.2357647863539336,0.6474771295003511,0.13976569710194475,1.2002236759458844,2.272209861184964,2.9477249020286016,2.385344634010592,16.015684046712536,6.177487545076956e-45
525309,G001435475,Bacteria,Firmicutes,Bacilli,Lactobacillales,Lactobacillaceae,Lactobacillus,Lactobacillus antri,1.2357647863539336,0.6474771295003511,0.13976569710194475,1.2002236759458844,2.272209861184964,2.9477249020286016,2.385344634010592,16.015684046712536,6.177487545076956e-45
525328,G000160875,Bacteria,Firmicutes,Bacilli,Lactobacillales,Lactobacillaceae,Lactobacillus,Lactobacillus iners,1.363070411603934,0.3004176005256979,0.8829281413328232,1.365943339993594,1.9146489646100564,15.103150307308109,11.080242208130782,42.99315890929357,7.53001785167959e-152
525919,G000024105,Bacteria,Firmicutes,Tissierellia,Tissierellales,Peptoniphilaceae,Anaerococcus,Anaerococcus prevotii,0.8310858369539338,0.2736038677510042,0.4206714933375738,0.8064567621849206,1.2801070448827119,11.102004945623495,13.358433572053361,8.319363919304994,1.416177790498271e-15
53367,G001280145,Bacteria,Actinobacteria,Actinobacteria,Micromonosporales,Micromonosporaceae,Asanoa,Asanoa ferruginea,1.2748689116039338,0.3025456148778645,0.8060266139158391,1.265698282753957,1.8124151320828112,13.927841169055252,10.924920234765473,36.86013311761908,1.5342564184244318e-130
537970,G000162575,Bacteria,Proteobacteria,Epsilonproteobacteria,Campylobacterales,Helicobacteraceae,Helicobacter,Helicobacter canadensis,1.8646626554789338,0.6252064691847168,0.9329623078608731,1.830536205904354,2.8959475663234033,4.770384078030104,2.5583094422003336,36.70426914483847,5.6671887867976e-130
561230,G000023605,Bacteria,Proteobacteria,Gammaproteobacteria,Enterobacterales,Pectobacteriaceae,Pectobacterium,Pectobacterium carotovorum,0.8789303491039336,0.21363690047501205,0.5263492377312124,0.8765563200350553,1.216056001611731,19.2575894531496,21.910256566726407,15.133623364509349,3.2797501808770237e-41
565050,G000022005,Bacteria,Proteobacteria,Alphaproteobacteria,Caulobacterales,Caulobacteraceae,Caulobacter,Caulobacter vibrioides,0.8556788746539339,0.35179564939449437,0.3031304147294895,0.8423175754970407,1.4196903444006692,6.914008060039292,8.080143456662471,7.868405718815364,3.409711480827469e-14
575594,G000161935,Bacteria,Firmicutes,Bacilli,Lactobacillales,Lactobacillaceae,Lactobacillus,Lactobacillus coleohominis,1.4800943698789337,0.5200668496735716,0.7126089886389956,1.4392420998766442,2.3115269815786657,5.472314682232346,3.697274169538231,29.335422578128007,1.2115641565590523e-101
585506,G000160575,Bacteria,Firmicutes,Bacilli,Lactobacillales,Leuconostocaceae,Weissella,Weissella paramesenteroides,0.9293442261289337,0.3649626170729732,0.36471536066204935,0.9152822649994556,1.5619194290322456,6.9771786102488,7.507636475357853,11.621403756544048,4.334447353818106e-27
592028,G000160055,Bacteria,Firmicutes,Negativicutes,Veillonellales,Veillonellaceae,Dialister,Dialister invisus,1.2362072666039339,0.4157863697670863,0.5633247126000896,1.2191882328215415,1.9384526735868366,7.150736840996129,5.784415796746114,24.961469382375064,1.6227319942917013e-83
596154,G000204645,Bacteria,Proteobacteria,Betaproteobacteria,Burkholderiales,Comamonadaceae,Alicycliphilus,Alicycliphilus denitrificans,1.0506231666039338,0.24412980792332456,0.6321339118987231,1.055692911588379,1.4348962120670068,17.628093853068524,16.77870278650918,27.30906477689908,2.356819293494944e-93
596315,G000147675,Bacteria,Firmicutes,Clostridia,Clostridiales,Peptostreptococcaceae,Peptostreptococcus,Peptostreptococcus stomatis,1.0458725066039338,0.2128328964002696,0.7181574734289774,1.0429861343179927,1.397110105503342,23.088793312706333,22.076106950815877,30.878419876363065,8.134506050849926e-108
616990,G001437125,Bacteria,Firmicutes,Bacilli,Lactobacillales,Lactobacillaceae,Lactobacillus,Lactobacillus paucivorans,1.2321821386039338,0.3947724776931296,0.5927508222768483,1.2241010433072002,1.9087086504639923,7.906443545667603,6.416619181499927,26.086256667961283,2.934272780140061e-88
633147,G000143845,Bacteria,Actinobacteria,Coriobacteriia,Coriobacteriales,Atopobiaceae,Olsenella,Olsenella uli,1.0600405526039338,0.36851006613853593,0.4936523914507031,1.0549891678026195,1.6723822005028601,7.8059141205308,7.363788207305827,18.602760381511125,4.550782260483891e-56
633147,G001437585,Bacteria,Actinobacteria,Coriobacteriia,Coriobacteriales,Atopobiaceae,Olsenella,Olsenella uli,1.0600405526039338,0.36851006613853593,0.4936523914507031,1.0549891678026195,1.6723822005028601,7.8059141205308,7.363788207305827,18.602760381511125,4.550782260483891e-56
634500,G000196615,Bacteria,Proteobacteria,Gammaproteobacteria,Enterobacterales,Erwiniaceae,Erwinia,Erwinia billingiae,0.8299654951039338,0.2427603241866822,0.39897003862522684,0.8329338937608727,1.2302330162268982,14.083306136120408,16.968544137315973,9.28406779856181,1.0604861765549343e-18
640081,G000236665,Bacteria,Proteobacteria,Betaproteobacteria,Rhodocyclales,Rhodocyclaceae,Azospira,Azospira oryzae,1.3146457291039337,0.2659020532479735,0.9095034760656803,1.3072046706567384,1.7632395350755576,18.59368002863207,14.143490993049188,44.93161238363268,3.4679620969001324e-158
645512,G000161995,Bacteria,Synergistetes,Synergistia,Synergistales,Synergistaceae,Jonquetella,Jonquetella anthropi,1.400271806953934,0.7128116737242847,0.28246173736018415,1.4027788273671202,2.615570623729768,2.7558954498479,1.9681146447152336,19.163448143574676,1.6721949407695575e-58
649764,G000162875,Bacteria,Actinobacteria,Coriobacteriia,Eggerthellales,Eggerthellaceae,Slackia,Slackia exigua,0.9707850966039338,0.24124161913388428,0.5993515266955235,0.992096475251814,1.348491108057052,16.680867442151715,17.182863128519234,21.017083854573787,1.466659078551897e-66
652,G001447335,Bacteria,Proteobacteria,Gammaproteobacteria,Aeromonadales,Aeromonadaceae,Aeromonas,Aeromonas schubertii,1.1149513181789337,0.6147887993646747,0.16942749246293085,1.0834481914446712,2.1850250132701645,2.9498777085976875,2.6457457473710737,12.936995238477348,3.2702565718268054e-32
654,G001593245,Bacteria,Proteobacteria,Gammaproteobacteria,Aeromonadales,Aeromonadaceae,Aeromonas,Aeromonas veronii,1.2057777518539339,0.4792206929661764,0.42826355419376405,1.2010562286384467,1.9845124169193085,5.250445328875118,4.354405545136604,20.387367630303007,7.98351606086651e-64
657308,G000210055,Bacteria,Actinobacteria,Coriobacteriia,Eggerthellales,Eggerthellaceae,Gordonibacter,Gordonibacter pamelaeae,0.8650448491039339,0.17663779160496623,0.6088671113727894,0.8507914640359637,1.1482685255608431,27.72498831281039,32.05034784211434,16.731359476908846,5.444648457202346e-48
659495,G000281085,Bacteria,Proteobacteria,Gammaproteobacteria,Alteromonadales,Alteromonadaceae,Catenovulum,Catenovulum agarivorans,1.1900772794539338,0.475105982790621,0.3942248340767694,1.1513287065856916,2.017122569398401,5.272227781017374,4.430155815962248,19.903009724289813,1.0188345812813073e-61
664639,G001408335,Bacteria,Actinobacteria,Actinobacteria,Micrococcales,Micrococcaceae,Kocuria,Kocuria salsicia,0.9378903466039339,0.20195744529283388,0.6174868131999355,0.9258217193272109,1.253129443908339,22.994942563311017,24.517730293924924,21.84767356386521,3.672852283836749e-70
673,G001558255,Bacteria,Proteobacteria,Gammaproteobacteria,Vibrionales,Vibrionaceae,Grimontia,Grimontia hollisae,0.8187604479789337,0.28744815637993565,0.36587630514138236,0.8172339885577133,1.3100322994116103,9.909181881167662,12.102663124028455,7.061107615410262,7.382499683541342e-12
675813,G000176155,Bacteria,Proteobacteria,Gammaproteobacteria,Vibrionales,Vibrionaceae,Vibrio,Vibrio metschnikovii,1.0390438753539337,0.3689848445048949,0.4790589543185486,1.0451309566823128,1.6472757239596485,7.631621620156035,7.344850204286556,17.440745898886444,4.8541299495647044e-51
676,G001558415,Bacteria,Proteobacteria,Gammaproteobacteria,Vibrionales,Vibrionaceae,Vibrio,Vibrio fluvialis,1.421220671603934,0.4109707522351019,0.786029586032988,1.3788369432928,2.127497079626348,8.414720302824039,5.920769709412905,34.25768564303076,6.818924030098825e-121
679192,G000177375,Bacteria,Firmicutes,Erysipelotrichia,Erysipelotrichales,Erysipelotrichaceae,Bulleidia,Bulleidia extructa,1.2050284241039337,0.24690656035406594,0.8190577865063152,1.211712056547426,1.5861165080375452,19.766602661791936,16.4034327044945,39.509123915383874,5.503342650247099e-140
68570,G000695235,Bacteria,Actinobacteria,Actinobacteria,Streptomycetales,Streptomycetaceae,Streptomyces,Streptomyces albulus,1.0997682841039338,0.19196153182477418,0.7910045925415773,1.1059418351416666,1.4034631138936835,29.84508205577496,27.137609337490627,39.851000436550606,3.537863649401168e-141
68570,G001646665,Bacteria,Actinobacteria,Actinobacteria,Streptomycetales,Streptomycetaceae,Streptomyces,Streptomyces albulus,1.0997682841039338,0.19196153182477418,0.7910045925415773,1.1059418351416666,1.4034631138936835,29.84508205577496,27.137609337490627,39.851000436550606,3.537863649401168e-141
690417,G000763805,Bacteria,Proteobacteria,Alphaproteobacteria,Rhodobacterales,Rhodobacteraceae,Paracoccus,Paracoccus sphaerophysae,0.8418424668539339,0.3628919707746179,0.28354668164418734,0.8416360071325659,1.4525434430829922,6.392579113668904,7.593557423586312,6.865246255606208,2.551242973303893e-11
712357,G001274535,Bacteria,Fusobacteria,Fusobacteriia,Fusobacteriales,Leptotrichiaceae,Leptotrichia,Leptotrichia sp. oral taxon 212,1.4573087041039339,0.27908409623799696,0.9768555158776199,1.472627638585204,1.9174271353236052,18.710327161353234,12.838959314977666,53.03300219561171,8.624131505420632e-183
716541,G000025565,Bacteria,Proteobacteria,Gammaproteobacteria,Enterobacterales,Enterobacteriaceae,Enterobacter,Enterobacter cloacae,0.9006058381039338,0.21966157005801717,0.5539447278703615,0.897743777882166,1.2554839779636047,18.664939691723,20.72487086139562,16.6920875944826,8.021045201491947e-48
722472,G001440475,Bacteria,Proteobacteria,Alphaproteobacteria,Rhizobiales,Bradyrhizobiaceae,Bradyrhizobium,Bradyrhizobium lablabi,1.8075245666039337,0.5065077273257229,1.0116402981013068,1.77796029151712,2.723791462654295,7.045503871281231,3.897874475099761,43.049658597859334,4.8919553699163814e-152
722472,G900104755,Bacteria,Proteobacteria,Alphaproteobacteria,Rhizobiales,Bradyrhizobiaceae,Bradyrhizobium,Bradyrhizobium lablabi,1.8075245666039337,0.5065077273257229,1.0116402981013068,1.77796029151712,2.723791462654295,7.045503871281231,3.897874475099761,43.049658597859334,4.8919553699163814e-152
754477,G000260965,Bacteria,Proteobacteria,Gammaproteobacteria,Thiotrichales,Piscirickettsiaceae,Methylophaga,Methylophaga frappieri,1.2066455170539339,0.9997585445452468,-0.3612331260836662,1.129991733587755,2.9635168439643502,1.2072284304509582,1.0004830858680416,9.789767540323375,2.003031493700888e-20
755868,G000323585,Bacteria,Proteobacteria,Gammaproteobacteria,Enterobacterales,Yersiniaceae,Yersinia,Yersinia pestis,0.8185795538539338,0.2942584681466053,0.3474058195078929,0.8103678898132649,1.3093024662259594,9.453724745510208,11.548938280954324,6.885390576221461,2.248458133485131e-11
755932,G000324265,Bacteria,Proteobacteria,Gammaproteobacteria,Enterobacterales,Yersiniaceae,Yersinia,Yersinia pestis,0.8584198723539338,0.2133132479277414,0.4833652875368631,0.8585863435148509,1.2217345452831405,18.865316958137342,21.976794300445793,13.233546818931,2.1311496550328194e-33
759620,G000732905,Bacteria,Firmicutes,Bacilli,Lactobacillales,Leuconostocaceae,Weissella,Weissella ceti,1.1605518191039337,0.2846957560290702,0.7204427956862799,1.1420781258047616,1.6709493381909635,14.318665722431167,12.337808176016352,31.140365111887174,7.4946307928591245e-109
759620,G000750515,Bacteria,Firmicutes,Bacilli,Lactobacillales,Leuconostocaceae,Weissella,Weissella ceti,1.1605518191039337,0.2846957560290702,0.7204427956862799,1.1420781258047616,1.6709493381909635,14.318665722431167,12.337808176016352,31.140365111887174,7.4946307928591245e-109
759620,G000750535,Bacteria,Firmicutes,Bacilli,Lactobacillales,Leuconostocaceae,Weissella,Weissella ceti,1.1605518191039337,0.2846957560290702,0.7204427956862799,1.1420781258047616,1.6709493381909635,14.318665722431167,12.337808176016352,31.140365111887174,7.4946307928591245e-109
82983,G001586165,Bacteria,Proteobacteria,Gammaproteobacteria,Enterobacterales,Hafniaceae,Obesumbacterium,Obesumbacterium proteus,0.8256740805289339,0.2544147530753713,0.408073227905854,0.820999736482404,1.235896127530578,12.756280724292266,15.449535143601071,8.521420203991593,3.274462701460409e-16
861450,G000239275,Bacteria,Firmicutes,Negativicutes,Veillonellales,Veillonellaceae,Anaeroglobus,Anaeroglobus geminatus,0.9731504211039339,0.28826339736798107,0.4966988248503566,0.9674276125909863,1.4467958702875732,11.711188555747862,12.034304565642364,17.75286725708461,2.1818076622015824e-52
883077,G000296505,Bacteria,Actinobacteria,Actinobacteria,Actinomycetales,Actinomycetaceae,Actinomyces,Actinomyces turicensis,0.7907063031039336,0.19224468923544863,0.4790419789557033,0.7972975325157825,1.1270699555404846,21.39471464020994,27.057726182559247,7.639324001046058,1.6363080015995394e-13
883078,G000314675,Bacteria,Proteobacteria,Alphaproteobacteria,Rhizobiales,Bradyrhizobiaceae,Afipia,Afipia broomeae,1.2409855466039337,0.2510615045054075,0.8497757886270522,1.2241076708394556,1.6678889376985597,19.68822071332253,15.86498792608913,41.719674862875685,1.3844469431648952e-147
883103,G000245815,Bacteria,Firmicutes,Bacilli,Lactobacillales,Carnobacteriaceae,Dolosigranulum,Dolosigranulum pigrum,0.8553173088539339,0.27003805809665693,0.43172207557479053,0.8602985787571424,1.323662037451519,11.729440819765006,13.713554839059258,10.22389067307613,6.010715066719727e-22
883163,G000315525,Bacteria,Proteobacteria,Alphaproteobacteria,Sphingomonadales,Sphingomonadaceae,Sphingobium,Sphingobium yanoikuyae,0.8307647310789338,0.2213349370386971,0.47419565157313637,0.8401770535955781,1.2016334059952294,16.958135775870762,20.41268140240719,10.25499208763938,4.659935159141766e-22
888050,G000364865,Bacteria,Actinobacteria,Actinobacteria,Actinomycetales,Actinomycetaceae,Actinomyces,Actinomyces cardiffensis,0.864675075353934,0.22086054993618515,0.516279055993628,0.8477116188121883,1.2519743316552154,17.726240692629485,20.50046450728752,13.34776588395614,7.397701820899269e-34
891974,G000180175,Bacteria,Proteobacteria,Gammaproteobacteria,Enterobacterales,Enterobacteriaceae,,Plautia stali symbiont,0.8231223778539339,0.2363257307025673,0.4055912560406122,0.8413097286229543,1.1760907936137641,14.738130240854723,17.905150725315426,8.95772524327587,1.2812596992823762e-17
925409,G000515315,Bacteria,Bacteroidetes,Chitinophagia,Chitinophagales,Chitinophagaceae,Asinibacterium,Asinibacterium sp. OR53,1.0790445627789338,0.5430692594028637,0.2266840711564561,1.0721032347556687,1.9119774245900254,3.6587180290548313,3.3907015106329776,13.32313427205533,9.296465043986042e-34
931089,G001277995,Bacteria,Actinobacteria,Actinobacteria,Corynebacteriales,Corynebacteriaceae,Corynebacterium,Corynebacterium deserti,1.0479562803539337,0.526469161206263,0.2625520474234919,0.9926202385064612,2.0198967139771087,3.780918284256711,3.6078969658731896,12.562215417132245,9.9524155924141e-31
938278,G000312325,Bacteria,Firmicutes,Clostridia,Clostridiales,Clostridiales Family XIII. Incertae Sedis,Casaltella,Casaltella massiliensis,0.8372359898539338,0.27116473914132977,0.3911303656623853,0.8141211180668935,1.2793713900980268,11.386269476384088,13.599832800272434,8.847806728660029,2.927803380930635e-17
938293,G000312365,Bacteria,Firmicutes,Tissierellia,Tissierellales,Peptoniphilaceae,Anaerococcus,Anaerococcus provenciensis,0.930695926603934,0.29359346919648527,0.4594246987136654,0.9436115668922902,1.3937659334559396,10.797296602783621,11.60131498821796,14.538511194516387,9.952451332216759e-39
938294,G000308255,Bacteria,Firmicutes,Tissierellia,Tissierellales,Peptoniphilaceae,Anaerococcus,Anaerococcus pacaensis,0.8134444176039338,0.26777411131976625,0.3817577903599884,0.8082726396580499,1.2454602231893879,11.344639759866459,13.946422784832688,7.18285180397132,3.3712962134682006e-12
959,G000691605,Bacteria,Proteobacteria,Deltaproteobacteria,Bdellovibrionales,Bdellovibrionaceae,Bdellovibrio,Bdellovibrio bacteriovorus,1.0658976871039338,0.4727554904848702,0.2143996258609707,1.0591179461977775,1.8103696983914896,4.769165099243134,4.474317898372643,14.748527069244345,1.334158126775231e-39
959,G001592735,Bacteria,Proteobacteria,Deltaproteobacteria,Bdellovibrionales,Bdellovibrionaceae,Bdellovibrio,Bdellovibrio bacteriovorus,1.0658976871039338,0.4727554904848702,0.2143996258609707,1.0591179461977775,1.8103696983914896,4.769165099243134,4.474317898372643,14.748527069244345,1.334158126775231e-39
959,G001592745,Bacteria,Proteobacteria,Deltaproteobacteria,Bdellovibrionales,Bdellovibrionaceae,Bdellovibrio,Bdellovibrio bacteriovorus,1.0658976871039338,0.4727554904848702,0.2143996258609707,1.0591179461977775,1.8103696983914896,4.769165099243134,4.474317898372643,14.748527069244345,1.334158126775231e-39
959,G001592755,Bacteria,Proteobacteria,Deltaproteobacteria,Bdellovibrionales,Bdellovibrionaceae,Bdellovibrio,Bdellovibrio bacteriovorus,1.0658976871039338,0.4727554904848702,0.2143996258609707,1.0591179461977775,1.8103696983914896,4.769165099243134,4.474317898372643,14.748527069244345,1.334158126775231e-39
979982,G000219785,Bacteria,Firmicutes,Bacilli,Lactobacillales,Leuconostocaceae,Leuconostoc,Leuconostoc sp. C2,1.011394478853934,0.5286300577281966,0.2365029761222374,1.0037365077287985,1.8767003683793835,3.619235739250647,3.5784610405939725,11.127598398073918,3.110240394430388e-25
981336,G000368825,Bacteria,Proteobacteria,Gammaproteobacteria,Pseudomonadales,Moraxellaceae,Acinetobacter,Acinetobacter ursingii,1.3246727166039338,0.28697690530690095,0.8441027419360587,1.329962476377585,1.7831671766973825,16.084764090241244,12.142443856983622,42.33075036319962,1.2155914590999436e-149
